ID,Score,RA,Dec,Notes,ID,ID_suffix,Row,Unnamed: 1,Object Name,RA_ned,Dec_ned,Schlafly etal. 2011,Object,cz,z,Basic-Data,Basic-Data.1,Galaxy Morphology,Activity Type,Kron ap. AB,Kron ap. AB.1,Kron ap. AB.2,Kron ap. AB.3,K_s_total,K_s_total.1,K_s_total.2,K_s_total.3,25 micron,25 micron.1,25 micron.2,25 micron.3,60 micron,60 micron.1,60 micron.2,60 micron.3,1.4 GHz,1.4 GHz.1,1.4 GHz.2,1.4 GHz.3,1.4 GHz.4,1.4 GHz.5,1.4 GHz.6,1.4 GHz.7,20.0 K-mag arcsec^-2,25.0 B-mag arcsec^-2,Unnamed: 40,Row.1
Arp-Madore0000-803,2,0.6883,-80.3465,,Arp-Madore0000-803,Arp-Madore0000-803,340,,ESO 012- G 014,00h02m44.18s,-80d20m47.5s,0.261,G,1958,,2.3,SB(s)m,SB(s)m,,,,,,,,,,,,,,,,,,,,,,,,,,,92.26,27,340
Arp-Madore0001-505,2,1.0488,-50.6465,,Arp-Madore0001-505,Arp-Madore0001-505,346,ERROR: Input name not recognized by NED,,,,,,,,,,,,,,,,,,,,,,,,,,,,,,,,,,,,,,,346
Arp-Madore0001-505,2,1.0488,-50.6465,,Arp-Madore0001-505,Arp-Madore0001-505,347,ERROR: Input name not recognized by NED,,,,,,,,,,,,,,,,,,,,,,,,,,,,,,,,,,,,,,,347
Arp-Madore0001-505,2,1.0488,-50.6465,,Arp-Madore0001-505,Arp-Madore0001-505,346,ERROR: Input name not recognized by NED,,,,,,,,,,,,,,,,,,,,,,,,,,,,,,,,,,,,,,,346
Arp-Madore0001-505,2,1.0488,-50.6465,,Arp-Madore0001-505,Arp-Madore0001-505,347,ERROR: Input name not recognized by NED,,,,,,,,,,,,,,,,,,,,,,,,,,,,,,,,,,,,,,,347
Arp-Madore0002-503,1,1.3596,-50.2682,WFC3,Arp-Madore0002-503,Arp-Madore0002-503,354,,ESO 193- G 019,00h05m29.02s,-50d16m13.1s,0.033,G,10377,,1.9,SB(r)c,SAB(rs)c? pec,,,,,,10.380,0.069,4.70E-28,3.08E-29,,,,,,,,,,,,,,,,,53.80,88.10,31,354
Arp-Madore0002-510,1,1.2725,-50.8282,,Arp-Madore0002-510,Arp-Madore0002-510,351,,AM 0002-510,00h05m05.39s,-50d49m41.6s,0.036,GGroup,,,,,,,,,,,,,,,,,,,,,,,,,,,,,,,,,1,351
Arp-Madore0010-242,2,3.2634,-24.2136,Pretty byt not that extreme.,Arp-Madore0010-242,Arp-Madore0010-242,399,,ESO 472- G 020,00h13m02.91s,-24d12m52.8s,0.064,G,10179,,1.1,SA(r)c,SA(r)cd,,16.3314,0.0198318,1.07E-29,1.95E-31,10.893,0.068,2.93E-28,1.89E-29,,< 1.878E-01,,< 1.88E-27,5.498E-01,19%,5.50E-27,1.04E-27,8.4,1.2,8.40E-29,1.20E-29,,,,,48.40,58.88,26,399
Arp-Madore0018-485,2,5.342,-48.6426,crazy tail off the thing to the left...check images,Arp-Madore0018-485,Arp-Madore0018-485,66,,NGC 0092 GROUP,00h21m22.07s,-48d38m33.3s,0.053,GGroup,3306,,,INTERACTING,,,,,,,,,,,,,,,,,,,,,,,,,,,,,11,66
Arp-Madore0113-264,2,18.8921,-26.4461,fairly minor interaction...,Arp-Madore0113-264,Arp-Madore0113-264,153,,ESO 475- G 014,01h15m32.68s,-26d26m48.6s,0.050,G,3700,,2.2,SB(s)m pec,SB(s)m pec,,,,,,12.223,0.129,8.61E-29,1.09E-29,,< 1.235E-01,,< 1.24E-27,3.141E-01,14%,3.14E-27,4.40E-28,,,,,,,,,56.40,130.32,34,153
Arp-Madore0123-685,1,21.213,-68.6184,,Arp-Madore0123-685,Arp-Madore0123-685,223,,ESO 052-IG 001,01h24m54.05s,-68d37m06.1s,0.073,GGroup,14240,:,,SB(r)0/a,SB0/a(r),,,,,,,,,,,,,,,,,,,,,,,,,,,,8,223
Arp-Madore0133-393,2,23.9029,-39.3582,,Arp-Madore0133-393,Arp-Madore0133-393,290,,AM 0133-393,01h35m32.70s,-39d22m24.4s,0.048,GPair,,,,,,,,,,,,,,,,,,,,,,,,,,,,,,,,,2,290
Arp-Madore0133-393,2,23.9029,-39.3582,,Arp-Madore0133-393,Arp-Madore0133-393,291,WARNING: Same object as in entry 290 - Arp-Madore0133-393,,,,,,,,,,,,,,,,,,,,,,,,,,,,,,,,,,,,,,,291
Arp-Madore0134-803,2,23.6478,-80.3149,ESO 013- G 017; no Vr. no HI. little data.,Arp-Madore0134-803,Arp-Madore0134-803,299,,ESO 013- G 017,01h35m00.76s,-80d18m54.5s,0.290,G,,,1.5:,Dwarf,dwarf,,,,,,,,,,,,,,,,,,,,,,,,,,,32.36,5,299
Arp-Madore0136-803,2,24.1282,-80.3509,,Arp-Madore0136-803,Arp-Madore0136-803,10,,ESO 013- G 018,01h36m33.70s,-80d20m50.0s,0.290,G,4322,,1.90,Sd,Scd edge-on,,18.6338,0.145157,1.28E-30,1.71E-31,,,,,,,,,,,,,,,,,,,,,,138.04,20,10
Arp-Madore0137-281,1,24.9869,-27.957,,Arp-Madore0137-281,Arp-Madore0137-281,18,ERROR: Input name not recognized by NED,,,,,,,,,,,,,,,,,,,,,,,,,,,,,,,,,,,,,,,18
Arp-Madore0137-281,1,24.9869,-27.957,,Arp-Madore0137-281,Arp-Madore0137-281,19,ERROR: Input name not recognized by NED,,,,,,,,,,,,,,,,,,,,,,,,,,,,,,,,,,,,,,,19
Arp-Madore0142-435,2,26.2697,-43.5964,ESO 245- G 005; Vr=391; WFPC2 only. Has TRGB. ,Arp-Madore0142-435,Arp-Madore0142-435,42,,ESO 245- G 005,01h45m03.74s,-43d35m52.9s,0.045,G,391,,3.6,IB(s)m,IB(s)m,,,,,,,,,,,< 7.084E-02,,< 7.08E-28,2.242E-01,18%,2.24E-27,4.04E-28,,,,,,,,,,194.98,106,42
Arp-Madore0143-781,2,25.98,-77.9579,ESO 013- G 020 ; Vr=1123. has HI,Arp-Madore0143-781,Arp-Madore0143-781,45,,ESO 013- G 020,01h43m54.16s,-77d57m34.5s,0.166,G,1123,,1.3,IB(s)m pec,IB(s)m pec,,17.7813,0.0669016,2.80E-30,1.73E-31,,,,,,,,,,,,,,,,,,,,,,31.26,10,45
Arp-Madore0149-444,1,27.7639,-44.4547,Phoenix Dwarf; Vr=56 km/s,Arp-Madore0149-444,Arp-Madore0149-444,86,,Phoenix Dwarf,01h51m06.34s,-44d26m40.9s,0.044,G,56,,4.9,IAm,IAm,,,,,,,,,,,,,,,,,,,,,,,,,,,141.25,168,86
Arp-Madore0158-783,2,29.6903,-78.3981,,Arp-Madore0158-783,Arp-Madore0158-783,151,,ESO 013- G 026,01h58m46.64s,-78d23m53.6s,0.194,G,8349,,1.6,SAB(s)ab pec,SB(s)bc pec,,17.4668,0.0749899,3.74E-30,2.59E-31,10.655,0.046,3.65E-28,1.58E-29,1.485E-01,10%,1.48E-27,1.25E-28,1.146E+00,4%,1.15E-26,4.58E-28,,,,,,,,,49.00,58.88,15,151
Arp-Madore0202-795,2,30.5296,-79.7086,,Arp-Madore0202-795,Arp-Madore0202-795,178,,ESO 013- G 027,02h02m08.35s,-79d42m27.6s,0.207,G,4420,,1.0,IB(s)m pec,IB(s)m pec,,17.0268,0.0586189,5.61E-30,3.03E-31,12.631,0.121,5.91E-29,6.97E-30,,,,,,,,,,,,,,,,,25.20,50.12,7,178
Arp-Madore0203-795,2,30.639,-79.6639,,Arp-Madore0203-795,Arp-Madore0203-795,184,,ESO 013- G 028,02h02m32.86s,-79d40m13.4s,0.211,G,4605,,2.35,Sc,Sbc edge-on,,,,,,10.313,0.030,5.00E-28,1.40E-29,1.311E-01,12%,1.31E-27,1.42E-28,1.113E+00,4%,1.11E-26,4.45E-28,,,,,,,,,73.00,112.20,34,184
Arp-Madore0218-321,1,35.1075,-31.9798,,Arp-Madore0218-321,Arp-Madore0218-321,5,ERROR: Input name not recognized by NED,,,,,,,,,,,,,,,,,,,,,,,,,,,,,,,,,,,,,,,5
Arp-Madore0218-321,1,35.1075,-31.9798,,Arp-Madore0218-321,Arp-Madore0218-321,8,ERROR: Input name not recognized by NED,,,,,,,,,,,,,,,,,,,,,,,,,,,,,,,,,,,,,,,8
Arp-Madore0219-390,2,35.3697,-38.8022,,Arp-Madore0219-390,Arp-Madore0219-390,13,,ESO 298- G 033,02h21m28.10s,-38d48m02.7s,0.051,G,2231,,1.7:,Dwarf,dwarf,,,,,,,,,,,,,,,,,,,,,,,,,,,15.67,13,13
Arp-Madore0222-250,1,36.2647,-24.7947,https://www.google.com/url?sa=i&rct=j&q=&esrc=s&source=images&cd=&ved=0ahUKEwjc5fS859LYAhUG2GMKHSZ6DggQjBwIBA&url=http%3A%2F%2Fcdn.spacetelescope.org%2Farchives%2Fimages%2Fscreen%2Fheic1218a.jpg&psig=AOvVaw0b2Hc0gd_ap8nrC43a2klJ&ust=1515859669725550,Arp-Madore0222-250,Arp-Madore0222-250,31,,NGC 0922,02h25m04.42s,-24d47m17.4s,0.052,G,3082,,1.9,SB(s)cd pec    HII,SB(s)cd pec,,,,,,10.023,0.068,6.53E-28,4.22E-29,4.708E-01,8%,4.71E-27,2.01E-28,4.949E+00,11%,4.95E-26,5.44E-27,62.8,2.7,6.28E-28,2.70E-29,,,,,72.80,131.83,116,31
Arp-Madore0223-245,1,36.4186,-24.7684,,Arp-Madore0223-245,Arp-Madore0223-245,38,ERROR: Input name not recognized by NED,,,,,,,,,,,,,,,,,,,,,,,,,,,,,,,,,,,,,,,38
Arp-Madore0223-245,1,36.4186,-24.7684,,Arp-Madore0223-245,Arp-Madore0223-245,40,ERROR: Input name not recognized by NED,,,,,,,,,,,,,,,,,,,,,,,,,,,,,,,,,,,,,,,40
Arp-Madore0230-393,2,38.1709,-39.2987,NGC 0986A; Vr=1435 so not that close...,Arp-Madore0230-393,Arp-Madore0230-393,100,,NGC 0986A,02h32m41.45s,-39d17m46.4s,0.048,G,1435,,1.8,SB(s)dm,IBm?,,,,,,,,,,,< 5.824E-02,,< 5.82E-28,1.602E-01,26%,1.60E-27,4.16E-28,,,,,,,,,,97.72,40,100
Arp-Madore0242-600,2,40.9624,-59.9408,,Arp-Madore0242-600,Arp-Madore0242-600,158,,NGC 1096,02h43m49.29s,-59d54m48.3s,0.119,G,6483,,1.9,SB(rs)c,SB(rs)bc,,,,,,10.394,0.049,4.64E-28,2.14E-29,5.863E-02,26%,5.86E-28,1.83E-28,4.954E-01,9%,4.95E-27,4.46E-28,,,,,,,,,66.00,96.61,31,158
Arp-Madore0301-252,2,45.9628,-25.2738,UGCA 050; Vr=1726 km/s,Arp-Madore0301-252,Arp-Madore0301-252,254,,UGCA 050,03h03m50.52s,-25d16m20.5s,0.043,G,1726,,1.9,SB(s)m:,SB(s)m?,,,,,,,,,,,,,,,,,,,,,,,,,,,76.74,38,254
Arp-Madore0314-242,2,49.0461,-24.1998,,Arp-Madore0314-242,Arp-Madore0314-242,39,,UGCA 063,03h16m09.66s,-24d12m02.2s,0.052,G,2087,,1.2,IB(s)m,IB(s)m,,16.9297,0.0459848,6.14E-30,2.60E-31,,,,,,,,,,,,,,,,,,,,,,54.95,25,39
Arp-Madore0317-664,1,49.5641,-66.5007,NGC 1313; https://www.google.com/url?sa=i&rct=j&q=&esrc=s&source=images&cd=&ved=0ahUKEwiJv_S_pdTYAhUQ12MKHZsKAIYQjBwIBA&url=http%3A%2F%2Fcdn.spacetelescope.org%2Farchives%2Fimages%2Fscreen%2Fopo0705c.jpg&psig=AOvVaw12HT9bqvajLiQEFXu3lq-w&ust=1515910675591991,Arp-Madore0317-664,Arp-Madore0317-664,71,,NGC 1313,03h18m16.05s,-66d29m53.7s,0.299,G,470,,9.1,SB(s)d         HII,SB(s)d,,,,,,,,,,5.668E-01,9%,5.67E-27,1.92E-28,1.456E+01,6%,1.46E-25,8.74E-27,,,,,,,,,,653.13,471,71
Arp-Madore0323-363,1,51.3139,-36.3667,,Arp-Madore0323-363,Arp-Madore0323-363,117,,AM 0323-363,03h25m14.50s,-36d22m24.0s,0.046,GPair,,,,INTERACTING,knots,,,,,,,,,,,,,,,,,,,,,,,,,,,,2,117
Arp-Madore0331-360,2,53.4206,-35.8631,AM 0331-360; Vr=1540; In fornax cluster,Arp-Madore0331-360,Arp-Madore0331-360,164,,AM 0331-360,03h33m40.96s,-35d51m47.2s,0.046,GTrpl,,,,,dwarf,,,,,,,,,,,,,,,,,,,,,,,,,,,,1,164
Arp-Madore0333-513,2,53.742,-51.4496,,Arp-Madore0333-513,Arp-Madore0333-513,182,,ESO 200- G 045,03h35m02.26s,-51d27m12.9s,0.037,G,1026,,2.0,IBm,dwarf,,,,,,,,,,,,,,,,,,,,,,,,,,,33.11,15,182
Arp-Madore0333-611,2,53.5549,-61.1008,,Arp-Madore0333-611,Arp-Madore0333-611,179,,AM 0333-611,03h34m15.34s,-61d05m47.6s,0.089,G,1176,,1.3,IB(s)m,IB(s)m,,,,,,,,,,,,,,,,,,,,,,,,,,,,16,179
Arp-Madore0337-334,2,54.7982,-33.5318,ESO 358-IG 047; Vr=16008km/s so really far.,Arp-Madore0337-334,Arp-Madore0337-334,210,,ESO 358-IG 047,03h39m11.70s,-33d31m56.0s,0.019,GPair,16008,,,2 S pec galaxies,compact with extended material,,,,,,,,,,1.306E-01,13%,1.31E-27,1.33E-28,1.021E+00,5%,1.02E-26,5.10E-28,12.5,0.6,1.25E-28,6.00E-30,,,,,,58.21,21,210
Arp-Madore0338-354,1,55.0395,-35.6311,NGC 1427A; Vr=2028 km/s https://www.google.com/url?sa=i&rct=j&q=&esrc=s&source=images&cd=&ved=0ahUKEwislpDAqNHYAhULzGMKHT6XB-sQjBwIBA&url=https%3A%2F%2Fapod.nasa.gov%2Fapod%2Fimage%2F0503%2Fngc1427a_hst_full.jpg&psig=AOvVaw3RzT5IQSoTMInf25BkXnX0&ust=1515808405146079,Arp-Madore0338-354,Arp-Madore0338-354,221,,NGC 1427A,03h40m09.30s,-35d37m28.0s,0.035,G,2028,,2.3,IB(s)m,IB(s)m,,,,,,,,,,,< 1.006E-01,,< 1.01E-27,2.073E-01,16%,2.07E-27,3.32E-28,,,,,,,,,,138.04,75,221
Arp-Madore0338-453,2,55.1384,-45.3583,Vr=1551,Arp-Madore0338-453,Arp-Madore0338-453,229,,IC 1986,03h40m35.15s,-45d21m20.9s,0.027,G,1551,,2.5:,Irr,Irr,,,,,,,,,,,,,,,,,,,,,,,,,,,69.18,31,229
Arp-Madore0340-381,2,55.4945,-38.0313,too distant...,Arp-Madore0340-381,Arp-Madore0340-381,247,,AM 0340-381,03h41m58.67s,-38d01m52.7s,0.031,GGroup,,,,,interacting double,,,,,,,,,,,,,,,,,,,,,,,,,,,,3,247
Arp-Madore0347-442,2,57.3249,-44.2238,,Arp-Madore0347-442,Arp-Madore0347-442,293,,ESO 249- G 021,03h49m17.97s,-44d13m37.6s,0.029,G,1248,,1.3:,Dwarf,dwarf,,,,,,,,,,,,,,,,,,,,,,,,,,,39.36,12,293
Arp-Madore0349-383,1,57.9157,-38.4528,Has SN observations. ,Arp-Madore0349-383,Arp-Madore0349-383,299,,ESO 302- G 014,03h51m40.90s,-38d27m08.0s,0.024,G,872,,1.7,Im pec,IB(s)m,,,,,,,,,,,,,,,,,,,,,,,,,,,87.10,47,299
Arp-Madore0354-423,1,58.9438,-42.3654,NGC 1487; https://www.google.com/url?sa=i&rct=j&q=&esrc=s&source=images&cd=&ved=0ahUKEwjWkYD5pdTYAhXBKGMKHdNdBBIQjBwIBA&url=https%3A%2F%2Fimages-assets.nasa.gov%2Fimage%2F30-million-light-years-away-hubble-sees-merging-galaxies_24715543202_o%2F30-million-light-years-away-hubble-sees-merging-galaxies_24715543202_o~small.jpg&psig=AOvVaw1qqTyhmfM2AzLeCczSB-Wx&ust=1515910789316385,Arp-Madore0354-423,Arp-Madore0354-423,20,,NGC 1487,03h55m46.10s,-42d22m05.0s,0.033,GPair,848,,,Pec,pec,,,,,,,,,,2.545E-01,8%,2.54E-27,9.90E-29,3.250E+00,4%,3.25E-26,1.30E-27,,,,,,,,,,221.31,105,20
Arp-Madore0357-594,2,59.6515,-59.5805,,Arp-Madore0357-594,Arp-Madore0357-594,52,,AM 0357-594,03h58m36.35s,-59d34m49.6s,0.063,GGroup,,,,,,,,,,,,,,,,,,,,,,,,,,,,,,,,,1,52
Arp-Madore0422-473,2,66.0832,-47.5263,,Arp-Madore0422-473,Arp-Madore0422-473,17,,ESO 202- G 015,04h24m21.01s,-47d31m35.5s,0.035,G,4320,,1.9,(R')SA(rs)0+ pec:,(R')SA0^+(rs) pec?,,19.8773,0.275913,4.07E-31,1.03E-31,9.784,0.039,8.14E-28,2.98E-29,,,,,,,,,,,,,,,,,55.00,89.13,29,17
Arp-Madore0433-654,2,68.4821,-65.7077,,Arp-Madore0433-654,Arp-Madore0433-654,123,,AM 0433-654,04h33m54.70s,-65d41m52.0s,0.117,G,1234,,1.2,IB(s)m,IB(s)m,,18.1060,0.101416,2.08E-30,1.94E-31,,,,,,,,,,,,,,,,,,,,,,,12,123
Arp-Madore0435-521,2,69.2382,-52.1806,,Arp-Madore0435-521,Arp-Madore0435-521,139,,ESO 202- G 041,04h36m56.69s,-52d10m25.2s,0.025,G,1680,,1.2,SB(s)m,SB(s)m,,15.9761,0.0234994,1.48E-29,3.20E-31,,,,,,,,,,,,,,,,,,,,,,73.28,37,139
Arp-Madore0446-623,2,71.6413,-62.462,,Arp-Madore0446-623,Arp-Madore0446-623,222,,AM 0446-623,04h46m33.89s,-62d27m43.0s,0.100,GGroup,,,,,,,,,,,,,,,,,,,,,,,,,,,,,,,,,1,222
Arp-Madore0504-274,2,76.7069,-27.6548,,Arp-Madore0504-274,Arp-Madore0504-274,29,,AM 0504-274,05h06m49.65s,-27d39m17.2s,0.047,GPair,,,,,,,,,,,,,,,,,,,,,,,,,,,,,,,,,1,29
Arp-Madore0506-382,2,77.0303,-38.3098,ESO 305- G 009; Vr=1021: would be pretty; but just a late type Scd...,Arp-Madore0506-382,Arp-Madore0506-382,37,,ESO 305- G 009,05h08m07.62s,-38d18m33.5s,0.074,G,1021,,3.5,SB(s)dm,SB(s)dm,,,,,,,,,,,< 4.088E-02,,< 4.09E-28,2.299E-01,15%,2.30E-27,3.45E-28,,,,,,,,,,169.82,59,37
Arp-Madore0540-382,2,85.4868,-38.4587,Fairly small. Could include if needed.,Arp-Madore0540-382,Arp-Madore0540-382,222,,ESO 306- G 022,05h41m57.95s,-38d27m19.7s,0.102,G,13694,,2.5,S pec          HII,Sc,,,,,,10.776,0.053,3.26E-28,1.63E-29,1.051E-01,14%,1.05E-27,1.03E-28,9.342E-01,5%,9.34E-27,4.67E-28,6.4,0.5,6.40E-29,5.00E-30,,,,,52.00,48.42,14,222
Arp-Madore0559-234,2,90.281,-23.6751,NGC 2139; WFPC2; ACS wasn't targeted? Check coverage adequate. https://www.google.com/url?sa=i&rct=j&q=&esrc=s&source=images&cd=&ved=0ahUKEwjs2aru7NLYAhUSS2MKHWQSCV8QjBwIBA&url=https%3A%2F%2Fupload.wikimedia.org%2Fwikipedia%2Fcommons%2F8%2F8d%2FNGC_2139_hst_08599_26_08632_28_R814_G_B300.png&psig=AOvVaw3-o8H4hCbqAP5LC7sflQGu&ust=1515861109288383,Arp-Madore0559-234,Arp-Madore0559-234,41,,NGC 2139,06h01m07.81s,-23d40m21.5s,0.093,G,1837,,2.6,SAB(rs)cd      HII,SAB(rs)cd,,,,,,9.338,0.051,1.23E-27,5.90E-29,5.683E-01,6%,5.68E-27,1.71E-28,6.631E+00,5%,6.63E-26,3.31E-27,80.1,3.2,8.01E-28,3.20E-29,,,,,87.60,175.79,157,41
Arp-Madore0603-330,1,91.4342,-33.0825,ESO 364- G?029; Vr-787. Has ACS,Arp-Madore0603-330,Arp-Madore0603-330,60,,ESO 364- G?029,06h05m45.22s,-33d04m51.0s,0.124,G,787,,2.6,IB(s)m,IB(s)m,,,,,,,,,,,,,,,,,,,,,,,,,,,133.35,29,60
Arp-Madore0609-473,2,92.631,-47.6736,,Arp-Madore0609-473,Arp-Madore0609-473,86,,ESO 205-IG 030,06h10m34.44s,-47d40m37.2s,0.182,GPair,,,,Double? system,pair?,,19.8345,0.170917,4.23E-31,6.66E-32,,,,,,,,,,,,,,,,,,,,,,38.46,4,86
Arp-Madore0613-263,2,93.8308,-26.579,UGCA 122; Vr=1794,Arp-Madore0613-263,Arp-Madore0613-263,113,,UGCA 122,06h15m19.00s,-26d34m49.0s,0.094,G,1794,,1.7,IAB(s)m,IAB(s)m,,,,,,,,,,,,,,,,,,,,,,,,,,,84.14,23,113
Arp-Madore0619-271,2,95.4187,-27.2367,NGC 2217; Vr=1619 km/s. Well studied. Not intrinsically fascinating. Could cut.,Arp-Madore0619-271,Arp-Madore0619-271,139,,NGC 2217,06h21m39.78s,-27d14m01.5s,0.119,G,1619,,4.5,(R)SB(rs)0/a  LINER?,(R)SB0^+(rs),,17.5578,0.0724295,3.44E-30,2.30E-31,,,,,1.079E-01,18%,1.08E-27,2.53E-28,1.129E+00,5%,1.13E-26,5.64E-28,22.4,1.2,2.24E-28,1.20E-29,,,,,,302.00,167,139
Arp-Madore0625-355,2,96.8563,-36.0172,,Arp-Madore0625-355,Arp-Madore0625-355,178,,AM 0625-355,06h27m25.51s,-36d01m01.7s,0.175,GPair,,,,,,,,,,,,,,,,,,,,,,,,,,,,,,,,,1,178
Arp-Madore0630-522,2,97.7863,-52.4237,,Arp-Madore0630-522,Arp-Madore0630-522,201,,ESO 206- G 016,06h31m09.72s,-52d25m07.3s,0.178,G,1191,,1.3,IAB(s)m,IAB(s)m,,,,,,,,,,,,,,,,,,,,,,,,,,,28.51,16,201
Arp-Madore0644-741,1,100.7779,-74.2362,Lots of good imaging.,Arp-Madore0644-741,Arp-Madore0644-741,260,,ESO 034-IG 011,06h43m06.10s,-74d13m35.0s,0.366,GPair,6604,,,(S0-) + Ring,Sc,,,,,,,,,,1.515E-01,10%,1.51E-27,7.32E-29,1.407E+00,5%,1.41E-26,7.03E-28,,,,,,,,,,,29,260
Arp-Madore0656-704,2,103.9601,-70.7475,,Arp-Madore0656-704,Arp-Madore0656-704,5,,ESO 058- G 021,06h55m52.34s,-70d44m59.5s,0.297,G,11327,,1.0,Sa-b,Sab,,,,,,11.455,0.080,1.75E-28,1.33E-29,,,,,,,,,,,,,,,,,31.80,56.23,8,5
Arp-Madore0704-582,1,106.3337,-58.5245,Good ACS,Arp-Madore0704-582,Arp-Madore0704-582,27,,Argo Dwarf Irregular,07h05m18.80s,-58d31m13.0s,0.329,G,564,,3.5,SB(s)m,SB(s)m,,,,,,,,,,,,,,,,,,,,,,,,,,,,36,27
Arp-Madore0719-625,2,109.9847,-63.0632,1 ACS 606W filter in archive.  Check -- could add F814W or 475WACS 606W filter in archive.  Check -- could add F814W or 475W,Arp-Madore0719-625,Arp-Madore0719-625,58,,NGC 2381,07h19m57.31s,-63d04m01.3s,0.327,G,3129,,1.6,(R_1R'_2)SAB(rl)a,(R')SB(rs)a?,,,,,,9.735,0.040,8.51E-28,3.19E-29,,< 7.418E-02,,< 7.42E-28,3.551E-01,11%,3.55E-27,3.91E-28,,,,,,,,,39.00,102.33,24,58
Arp-Madore0726-453,2,111.8969,-45.6847,ESO 257- G?017; Vr=1015 km/s.  Has WFPC2 814W only. Nuclear cluster paper on it?,Arp-Madore0726-453,Arp-Madore0726-453,73,,ESO 257- G?017,07h27m33.26s,-45d41m04.6s,0.395,G,1015,,1.3,SB(s)m,SB(s)m,,,,,,,,,,,,,,,,,,,,,,,,,,,26.30,15,73
Arp-Madore0729-745,2,112.1582,-75.0541,,Arp-Madore0729-745,Arp-Madore0729-745,82,,ESO 035- G 009,07h28m40.60s,-75d03m20.0s,0.557,G,1129,,1.5,IB(s)m,IB(s)m,,,,,,,,,,,,,,,,,,,,,,,,,,,82.22,15,82
Arp-Madore0755-585,1,119.2097,-59.1271,IC 2220; confirmed as reflection nebula.,Arp-Madore0755-585,Arp-Madore0755-585,119,,IC 2220,07h56m50.95s,-59d07m32.8s,0.760,Neb,,,,Star in reflexion ne,,,,,,,,,,,4.479E+01,5%,4.48E-25,5.15E-26,6.428E+01,6%,6.43E-25,3.86E-26,,,,,,,,,,,1,119
Arp-Madore0804-765,2,120.8316,-77.0752,,Arp-Madore0804-765,Arp-Madore0804-765,128,,ESO 035- G 020,08h03m18.61s,-77d04m18.7s,0.309,G,1753,,2.8,IB(s)m,dIrr,,,,,,,,,,,,,,,,,,,,,,,,,,,42.66,17,128
Arp-Madore0957-223,1,149.8733,-22.8268,NGC3081; https://www.google.com/url?sa=i&rct=j&q=&esrc=s&source=images&cd=&ved=0ahUKEwjj-7y4rNHYAhUC2WMKHQq4DgEQjBwIBA&url=http%3A%2F%2Fcdn.spacetelescope.org%2Farchives%2Fimages%2Fscreen%2Fpotw1423a.jpg&psig=AOvVaw0hNwNNdZYnX3DZPdZ5iuD3&ust=1515809463990312,Arp-Madore0957-223,Arp-Madore0957-223,67,,NGC 3081,09h59m29.54s,-22d49m34.6s,0.151,G,2391,,2.1,(R_1)SAB(r)0/a Sy2,(R)SAB0/a(r),Sy 1 h,,,,,8.910,0.028,1.82E-27,4.75E-29,,,,,,,,,5.7,0.5,5.70E-29,5.00E-30,,,,,108.60,120.23,337,67
Arp-Madore0957-280,2,149.8984,-28.3369,Disturbed but not crazy. Could cut.ed but not crazy. Could cut.,Arp-Madore0957-280,Arp-Madore0957-280,68,,NGC 3089,09h59m36.68s,-28d19m52.9s,0.279,G,2708,,1.8,SAB(rs)b       HII,SAB(rs)b,,17.1313,0.0305109,5.10E-30,1.43E-31,9.329,0.037,1.24E-27,4.29E-29,,,,,,,,,12.6,1.0,1.26E-28,1.00E-29,,,,,77.20,116.14,62,68
Arp-Madore1007-664,1,152.2094,-67.0276,,Arp-Madore1007-664,Arp-Madore1007-664,130,,IC 2554,10h08m50.56s,-67d01m51.1s,0.562,G,1397,,3.1,SB(s)bc pec:,SB(s)bc pec?,,,,,,,,,,,,,,,,,,,,,,,,,,,192.75,62,130
Arp-Madore1008-253,1,152.6451,-25.82,,Arp-Madore1008-253,Arp-Madore1008-253,134,,UGCA 204,10h10m35.36s,-25d49m38.8s,0.138,G,2514,,2.0,SB(s)dm:,SB(s)dm?,,,,,,,,,,,,,,,,,,,,,,,,,,,103.51,34,134
Arp-Madore1025-433,1,156.9684,-43.9057,NGC 3256; Vr=2804; https://www.google.com/url?sa=i&rct=j&q=&esrc=s&source=images&cd=&ved=0ahUKEwj_3-HgrNHYAhUCHGMKHUXBCN8QjBwIBA&url=http%3A%2F%2Fcdn.spacetelescope.org%2Farchives%2Fimages%2Fscreen%2Fheic0810ar.jpg&psig=AOvVaw2801C0wRIgwo0RphEbg_xH&ust=1515809545493342,Arp-Madore1025-433,Arp-Madore1025-433,200,,NGC 3256,10h27m51.27s,-43d54m13.5s,0.334,G,2804,,3.8,Pec;merger;HII Sbrst,pec,H_alpha Emission-Line Galaxy,,,,,8.101,0.017,3.83E-27,6.05E-29,1.603E+01,6%,1.60E-25,1.94E-27,8.830E+01,6%,8.83E-25,5.30E-26,,,,,,,,,110.60,190.55,416,200
Arp-Madore1033-242,1,158.8439,-24.7508,1 ACS 606W filter in archive.  Check -- could add F814W or 475W ,Arp-Madore1033-242,Arp-Madore1033-242,232,,UGCA 212,10h35m23.20s,-24d45m14.9s,0.173,G,1047,,3.5,SB(s)dm,SB(s)dm,H_alpha Emission-Line Galaxy,,,,,,,,,,< 8.445E-02,,< 8.45E-28,4.690E-01,11%,4.69E-27,5.16E-28,,,,,,,,,,167.88,48,232
Arp-Madore1034-271,2,159.1469,-27.5164,NGC3309; ,Arp-Madore1034-271,Arp-Madore1034-271,239,ERROR: Input name not recognized by NED,,,,,,,,,,,,,,,,,,,,,,,,,,,,,,,,,,,,,,,239
Arp-Madore1034-271,2,159.1469,-27.5164,NGC3309; ,Arp-Madore1034-271,Arp-Madore1034-271,240,ERROR: Input name not recognized by NED,,,,,,,,,,,,,,,,,,,,,,,,,,,,,,,,,,,,,,,240
Arp-Madore1034-271,2,159.1469,-27.5164,NGC3309; ,Arp-Madore1034-271,Arp-Madore1034-271,243,ERROR: Input name not recognized by NED,,,,,,,,,,,,,,,,,,,,,,,,,,,,,,,,,,,,,,,243
Arp-Madore1034-271,2,159.1761,-27.5297,,Arp-Madore1034-271,Arp-Madore1034-271,239,ERROR: Input name not recognized by NED,,,,,,,,,,,,,,,,,,,,,,,,,,,,,,,,,,,,,,,239
Arp-Madore1034-271,2,159.1761,-27.5297,,Arp-Madore1034-271,Arp-Madore1034-271,240,ERROR: Input name not recognized by NED,,,,,,,,,,,,,,,,,,,,,,,,,,,,,,,,,,,,,,,240
Arp-Madore1034-271,2,159.1761,-27.5297,,Arp-Madore1034-271,Arp-Madore1034-271,243,ERROR: Input name not recognized by NED,,,,,,,,,,,,,,,,,,,,,,,,,,,,,,,,,,,,,,,243
Arp-Madore1034-272,1,159.3053,-27.68,,Arp-Madore1034-272,Arp-Madore1034-272,244,,NGC 3314,10h37m13.20s,-27d41m04.0s,0.198,GPair,,,,(Sab:) + (Sc:),pair of S with extended material,,,,,,,,,,,< 2.056E-01,,< 2.06E-27,1.365E+00,7%,1.36E-26,9.55E-28,,,,,,,,,,93.33,39,244
Arp-Madore1034-423,2,159.2902,-42.85,,Arp-Madore1034-423,Arp-Madore1034-423,246,,AM 1034-423,10h37m09.65s,-42d50m59.9s,0.296,GGroup,,,,,interacting double,,,,,,,,,,,,,,,,,,,,,,,,,,,,3,246
Arp-Madore1038-481,2,160.0781,-48.5714,ESO 214- G 017; Vr=1052 km/s; low latitude,Arp-Madore1038-481,Arp-Madore1038-481,269,,ESO 214- G 017,10h40m18.73s,-48d34m10.9s,0.842,G,1052,,4.3,SB(rs)d,SB(rs)d,,,,,,11.212,0.070,2.18E-28,1.45E-29,,,,,,,,,,,,,,,,,69.40,,19,269
Arp-Madore1041-250,2,160.8596,-25.3109,,Arp-Madore1041-250,Arp-Madore1041-250,282,ERROR: Input name not recognized by NED,,,,,,,,,,,,,,,,,,,,,,,,,,,,,,,,,,,,,,,282
Arp-Madore1041-250,2,160.8596,-25.3109,,Arp-Madore1041-250,Arp-Madore1041-250,283,ERROR: Input name not recognized by NED,,,,,,,,,,,,,,,,,,,,,,,,,,,,,,,,,,,,,,,283
Arp-Madore1041-250,2,160.9305,-25.3327,,Arp-Madore1041-250,Arp-Madore1041-250,282,ERROR: Input name not recognized by NED,,,,,,,,,,,,,,,,,,,,,,,,,,,,,,,,,,,,,,,282
Arp-Madore1041-250,2,160.9305,-25.3327,,Arp-Madore1041-250,Arp-Madore1041-250,283,ERROR: Input name not recognized by NED,,,,,,,,,,,,,,,,,,,,,,,,,,,,,,,,,,,,,,,283
Arp-Madore1102-233,2,166.3111,-23.8435,,Arp-Madore1102-233,Arp-Madore1102-233,43,,ESO 502-IG 015,11h05m14.65s,-23d50m42.6s,0.246,GPair,3768,,,Double? system,pair?,,,,,,,,,,,< 6.738E-02,,< 6.74E-28,4.583E-01,12%,4.58E-27,5.50E-28,,,,,,,,,,58.88,13,43
Arp-Madore1112-232,1,168.6744,-23.726,https://www.google.com/url?sa=i&rct=j&q=&esrc=s&source=images&cd=&ved=0ahUKEwiG5_HQ7tLYAhUPw2MKHYghB7gQjBwIBA&url=https%3A%2F%2Fupload.wikimedia.org%2Fwikipedia%2Fcommons%2Fthumb%2F2%2F25%2FNGC_3597.png%2F300px-NGC_3597.png&psig=AOvVaw0nGWwG5e1MKP2T2nbOI3_U&ust=1515861584122339,Arp-Madore1112-232,Arp-Madore1112-232,92,,NGC 3597,11h14m41.97s,-23d43m39.7s,0.198,G,3500,,1.9,S0+: pec       HII,S0^+? pec,,16.9228,0.0349336,6.18E-30,1.99E-31,9.790,0.023,8.09E-28,1.73E-29,1.948E+00,5%,1.95E-26,3.18E-28,1.254E+01,5%,1.25E-25,6.27E-27,76.3,2.3,7.63E-28,2.30E-29,,,,,50.00,83.18,82,92
Arp-Madore1133-374,2,173.8831,-37.9567,,Arp-Madore1133-374,Arp-Madore1133-374,170,,AM 1133-374,11h35m42.49s,-37d58m39.2s,0.349,GPair,2731,,,,S,,,,,,,,,,,,,,,,,,,,,,,,,,,,6,170
Arp-Madore1133-374,2,173.8831,-37.9567,,Arp-Madore1133-374,Arp-Madore1133-374,173,WARNING: Same object as in entry 170 - Arp-Madore1133-374,,,,,,,,,,,,,,,,,,,,,,,,,,,,,,,,,,,,,,,173
Arp-Madore1143-280,2,176.4263,-28.3661,,Arp-Madore1143-280,Arp-Madore1143-280,193,,ESO 440- G 004,11h45m41.88s,-28d21m59.5s,0.238,G,1842,,2.5,SB(s)dm,SB(s)dm,,,,,,,,,,,,,,,,,,,,,,,,,,,124.45,45,193
Arp-Madore1148-750,2,177.6035,-75.3732,too low latitude,Arp-Madore1148-750,Arp-Madore1148-750,208,,ESO 039- G 002,11h50m20.59s,-75d22m15.1s,1.121,G,1843,,3.0,IAB(s)m,IAB(s)m,,,,,,13.108,0.133,3.81E-29,4.96E-30,,,,,,,,,,,,,,,,,29.00,,19,208
Arp-Madore1154-320,2,179.1621,-32.3884,,Arp-Madore1154-320,Arp-Madore1154-320,224,,ESO 440- G 032,11h56m41.43s,-32d23m08.7s,0.209,G,8147,,1.4,SB(r)0/a,SB0/a(r),,,,,,10.045,0.048,6.40E-28,2.89E-29,,,,,,,,,2.4,0.5,2.40E-29,5.00E-30,,,,,54.60,83.18,20,224
Arp-Madore1201-291,2,181.051,-29.5668,ESO 440- G 045. No redshift.,Arp-Madore1201-291,Arp-Madore1201-291,249,,ESO 440- G 045,12h04m12.99s,-29d34m05.1s,0.224,G,,,1.2:,Dwarf,dwarf,,17.9781,0.0760602,2.34E-30,1.64E-31,,,,,,,,,,,,,,,,,,,,,,53.70,6,249
Arp-Madore1202-275,2,181.172,-28.1167,,Arp-Madore1202-275,Arp-Madore1202-275,251,,UGCA 267,12h04m41.16s,-28d06m58.7s,0.202,G,1747,,2.1,SB(s)m:,SB(s)m?,,,,,,11.761,0.081,1.32E-28,1.02E-29,1.379E-01,30%,1.38E-27,1.73E-28,2.998E-01,21%,3.00E-27,6.30E-28,,,,,,,,,57.60,121.62,53,251
Arp-Madore1210-341,2,183.2754,-34.4781,,Arp-Madore1210-341,Arp-Madore1210-341,293,ERROR: Input name not recognized by NED,,,,,,,,,,,,,,,,,,,,,,,,,,,,,,,,,,,,,,,293
Arp-Madore1210-341,2,183.2754,-34.4781,,Arp-Madore1210-341,Arp-Madore1210-341,294,ERROR: Input name not recognized by NED,,,,,,,,,,,,,,,,,,,,,,,,,,,,,,,,,,,,,,,294
Arp-Madore1210-341,2,183.2838,-34.4914,,Arp-Madore1210-341,Arp-Madore1210-341,293,ERROR: Input name not recognized by NED,,,,,,,,,,,,,,,,,,,,,,,,,,,,,,,,,,,,,,,293
Arp-Madore1210-341,2,183.2838,-34.4914,,Arp-Madore1210-341,Arp-Madore1210-341,294,ERROR: Input name not recognized by NED,,,,,,,,,,,,,,,,,,,,,,,,,,,,,,,,,,,,,,,294
Arp-Madore1214-371,2,184.2385,-37.4645,ESO 380- G 008; Vr=2112,Arp-Madore1214-371,Arp-Madore1214-371,12,,ESO 380- G 008,12h16m58.24s,-37d28m16.1s,0.293,G,2112,,3.0,SB(s)dm,SB(s)dm,,,,,,,,,,,,,,,,,,,,,,,,,,,76.74,25,12
Arp-Madore1220-335,2,185.725,-34.1889,,Arp-Madore1220-335,Arp-Madore1220-335,31,,ESO 380- G 021,12h22m53.48s,-34d11m34.0s,0.211,G,2981,,1.7:,S...,Sc,,,,,,,,,,,,,,,,,,,,,,,,,,,52.48,17,31
Arp-Madore1242-402,1,191.1855,-40.7135,https://www.google.com/url?sa=i&rct=j&q=&esrc=s&source=images&cd=&ved=0ahUKEwjU3_X5v9PYAhVPwGMKHQBeDnQQjBwIBA&url=http%3A%2F%2Fcdn.spacetelescope.org%2Farchives%2Fimages%2Fscreen%2Fopo9916a.jpg&psig=AOvVaw105B2Mo7YtpxG7T5b44rgw&ust=1515883411011558,Arp-Madore1242-402,Arp-Madore1242-402,102,,NGC 4650A,12h44m49.06s,-40d42m51.5s,0.312,G,2880,,1.6,(PR),S0/a pec?,,17.1336,0.0740686,5.09E-30,3.47E-31,11.025,0.044,2.59E-28,1.07E-29,,< 1.515E-01,,< 1.51E-27,3.662E-01,14%,3.66E-27,5.13E-28,,,,,,,,,36.20,82.22,119,102
Arp-Madore1243-333,1,191.5016,-33.8382,ESO 381- G 020; Vr=589; Has ACS,Arp-Madore1243-333,Arp-Madore1243-333,105,,ESO 381- G 020,12h46m00.67s,-33d50m13.0s,0.180,G,589,,3.0,IB(s)m,IB(s)m,,,,,,,,,,,,,,,,,,,,,,,,,,,142.89,76,105
Arp-Madore1248-254,2,192.8951,-26.0951,ESO 507- G 026; Vr=3126; HI,Arp-Madore1248-254,Arp-Madore1248-254,128,,ESO 507- G 026,12h51m35.83s,-26d05m24.4s,0.237,G,3126,,0.5,IB(s)m,IB(s)m pec,,,,,,,,,,,,,,,,,,,,,,,,,,,27.23,12,128
Arp-Madore1248-255,2,192.9035,-26.1201,,Arp-Madore1248-255,Arp-Madore1248-255,129,WARNING: Same object as in entry 128 - Arp-Madore1248-254,,,,,,,,,,,,,,,,,,,,,,,,,,,,,,,,,,,,,,,129
Arp-Madore1249-254,2,192.9369,-26.0917,,Arp-Madore1249-254,Arp-Madore1249-254,130,,ESO 507- G 028,12h51m45.86s,-26d05m24.7s,0.242,G,3100,,1.4,SB:(r)0/a,SB0/a?(r),,17.5902,0.0477664,3.34E-30,1.47E-31,9.389,0.026,1.17E-27,2.84E-29,,< 1.792E-01,,< 1.79E-27,2.883E-01,17%,2.88E-27,4.90E-28,,,,,,,,,74.60,90.16,29,130
Arp-Madore1250-401,2,193.2184,-40.4915,Doesn't look that interesting in image on NED.,Arp-Madore1250-401,Arp-Madore1250-401,134,,ESO 323- G 027,12h52m50.49s,-40d27m06.0s,0.294,G,3836,,1.8,SAB(r)bc,SA(r)c,,,,,,9.804,0.019,7.99E-28,1.41E-29,1.433E-01,22%,1.43E-27,3.37E-28,1.277E+00,6%,1.28E-26,7.66E-28,,,,,,,,,83.20,103.51,57,134
Arp-Madore1255-430,1,194.5925,-43.3532,(Think it was in the previous entry...),Arp-Madore1255-430,Arp-Madore1255-430,169,,ESO 269-IG 020,12h58m08.03s,-43d19m47.3s,0.265,G,8984,,1.7,Pec,pec,,19.1288,0.201300,8.10E-31,1.50E-31,10.729,0.051,3.41E-28,1.64E-29,,,,,,,,,,,,,,,,,42.40,74.13,25,169
Arp-Madore1255-430,1,194.5925,-43.3532,(Think it was in the previous entry...),Arp-Madore1255-430,Arp-Madore1255-430,173,WARNING: Same object as in entry 169 - Arp-Madore1255-430,,,,,,,,,,,,,,,,,,,,,,,,,,,,,,,,,,,,,,,173
Arp-Madore1256-433,1,194.7109,-43.8748,,Arp-Madore1256-433,Arp-Madore1256-433,175,ERROR: Input name not recognized by NED,,,,,,,,,,,,,,,,,,,,,,,,,,,,,,,,,,,,,,,175
Arp-Madore1256-433,1,194.7109,-43.8748,,Arp-Madore1256-433,Arp-Madore1256-433,176,ERROR: Input name not recognized by NED,,,,,,,,,,,,,,,,,,,,,,,,,,,,,,,,,,,,,,,176
Arp-Madore1257-222,2,195.0784,-22.6976,,Arp-Madore1257-222,Arp-Madore1257-222,188,,ESO 575- G 044,13h00m20.83s,-22d41m37.3s,0.334,GPair,9146,,,(SB0:) + (cE0:),S0,,,,,,,,,,,,,,,,,,,,,,,,,,,,11,188
Arp-Madore1258-254,2,195.2673,-26.094,,Arp-Madore1258-254,Arp-Madore1258-254,194,,ESO 507- G 065,13h01m05.14s,-26d05m32.5s,0.219,G,2607,,1.3,Smpec,Irr,,,,,,,,,,,,,,,,,,,,,,,,,,,70.79,19,194
Arp-Madore1303-371,2,196.6714,-37.5739,,Arp-Madore1303-371,Arp-Madore1303-371,228,ERROR: Input name not recognized by NED,,,,,,,,,,,,,,,,,,,,,,,,,,,,,,,,,,,,,,,228
Arp-Madore1303-371,2,196.6714,-37.5739,,Arp-Madore1303-371,Arp-Madore1303-371,233,ERROR: Input name not recognized by NED,,,,,,,,,,,,,,,,,,,,,,,,,,,,,,,,,,,,,,,233
Arp-Madore1306-282,1,197.2889,-28.6447,NGC 4980; https://www.google.com/url?sa=i&rct=j&q=&esrc=s&source=images&cd=&ved=0ahUKEwiPpqzxwNPYAhUW1mMKHRV_BmwQjxwIAw&url=https%3A%2F%2Fwww.nasa.gov%2Fmission_pages%2Fhubble%2Fscience%2Fhydra-spiral.html&psig=AOvVaw1CwNUSCziL6xfEf-7in-Tg&ust=1515883668010693,Arp-Madore1306-282,Arp-Madore1306-282,245,,NGC 4980,13h09m10.08s,-28d38m30.4s,0.197,G,1429,,1.7,SAB(rs)a pec?  HII,SAB(rs)a pec?,,,,,,10.845,0.077,3.06E-28,2.25E-29,,< 1.998E-01,,< 2.00E-27,7.047E-01,9%,7.05E-27,6.34E-28,3.7,0.7,3.70E-29,7.00E-30,,,,,45.20,109.65,56,245
Arp-Madore1324-411,2,201.9057,-41.484,Existing WFPC2 probably enough. Check.,Arp-Madore1324-411,Arp-Madore1324-411,94,,ESO 324- G 024,13h27m37.36s,-41d28m50.4s,0.309,G,516,,3.2,IABm:,IABm?,,15.3231,0.0297418,2.70E-29,7.38E-31,,,,,,,,,,,,,,,,,,,,,,179.89,77,94
Arp-Madore1331-451,1,203.6649,-45.5391,,Arp-Madore1331-451,Arp-Madore1331-451,139,,ESO 270- G 017,13h34m47.30s,-45d32m51.0s,0.306,G,828,,15.12,SB(s)m:,SB(s)m?,,,,,,,,,,,,,,,,,,,,,,,,,,,683.91,69,139
Arp-Madore1338-293,1,205.3998,-29.9106,NGC5264; has ACS; https://www.google.com/url?sa=i&rct=j&q=&esrc=s&source=images&cd=&ved=0ahUKEwjY4djd5dHYAhVSzGMKHXYHD2IQjBwIBA&url=http%3A%2F%2Fcdn.sci-news.com%2Fimages%2Fenlarge3%2Fimage_4120e-NGC-5264.jpg&psig=AOvVaw3wty1EIapvImwnR2d5toIN&ust=1515824839352849,Arp-Madore1338-293,Arp-Madore1338-293,185,,NGC 5264,13h41m36.68s,-29d54m47.1s,0.139,G,478,,2.5,IB(s)m,IB(s)m,,,,,,10.544,0.050,4.04E-28,1.90E-29,,< 1.653E-01,,< 1.65E-27,3.040E-01,18%,3.04E-27,5.47E-28,,,,,,,,,80.80,204.17,127,185
Arp-Madore1344-301,2,206.8424,-30.4192,well observed  ,Arp-Madore1344-301,Arp-Madore1344-301,211,,AM 1344-301,13h47m23.87s,-30d24m43.1s,0.174,GPair,4357,,,INTERACTING,interacting double,,,,,,,,,,,,,,,,,,,,,,,,,,,,7,211
Arp-Madore1346-354,1,207.328,-36.0649,https://www.google.com/url?sa=i&rct=j&q=&esrc=s&source=images&cd=&ved=0ahUKEwjLzMuh5tHYAhWELmMKHen_BAYQjBwIBA&url=https%3A%2F%2Fupload.wikimedia.org%2Fwikipedia%2Fcommons%2F6%2F61%2FColor_cutout_hst_11986_04_wfpc2_f814w_f606w_wf_sci_ESO_383-87.jpg&psig=AOvVaw2qWTQ1Hi2zOfY8ZnzFrpcG&ust=1515824981842260,Arp-Madore1346-354,Arp-Madore1346-354,219,,ESO 383- G 087,13h49m17.50s,-36d03m48.4s,0.196,G,326,,4.5,SB(s)dm,SB(s)dm,,,,,,9.877,0.081,7.47E-28,5.78E-29,,< 9.888E-02,,< 9.89E-28,1.207E+00,6%,1.21E-26,7.24E-28,,,,,,,,,112.00,342.77,87,219
Arp-Madore1348-333,1,207.8263,-33.8154,1 FOC image. ,Arp-Madore1348-333,Arp-Madore1348-333,229,,ESO 384- G 002,13h51m19.30s,-33d48m28.3s,0.175,G,1391,,4.8,SB(s)dm,SB(s)dm,,,,,,,,,,,< 1.904E-01,,< 1.90E-27,3.131E-01,15%,3.13E-27,4.70E-28,,,,,,,,,,169.82,35,229
Arp-Madore1352-263,1,208.7655,-26.7832,https://www.google.com/url?sa=i&rct=j&q=&esrc=s&source=images&cd=&ved=0ahUKEwi93MfvwdPYAhVR82MKHaNWBAAQjBwIBA&url=https%3A%2F%2Fapod.nasa.gov%2Fapod%2Fimage%2F0108%2Feso510_hst_big.jpg&psig=AOvVaw2Q5AxzMQ5rHGxaWvxzRFj4&ust=1515883932428895,Arp-Madore1352-263,Arp-Madore1352-263,240,,ESO 510- G 013,13h55m04.36s,-26d46m50.4s,0.181,G,3455,,1.9,Sa: pec sp     HII,Sa? pec edge-on,,18.9305,0.167257,9.72E-31,1.50E-31,,,,,,< 2.401E-01,,< 2.40E-27,1.682E+00,8%,1.68E-26,1.35E-27,,,,,,,,,,124.45,39,240
Arp-Madore1358-324,2,210.3433,-33.0629,NGC5398; lots of WFPC2,Arp-Madore1358-324,Arp-Madore1358-324,265,,NGC 5398,14h01m21.56s,-33d03m49.6s,0.180,G,1219,,2.8,SB(rs)dm,(R')SB(s)dm pec?,,,,,,,,,,2.709E-01,13%,2.71E-27,1.45E-28,1.563E+00,5%,1.56E-26,7.82E-28,,,,,,,,,,169.82,122,265
Arp-Madore1705-773,2,258.2828,-77.5694,sad to pass this up.,Arp-Madore1705-773,Arp-Madore1705-773,266,,IC 4633,17h13m47.04s,-77d32m10.3s,0.625,G,2938,,4.0,SAB(r)d,SA(r)cd,,,,,,8.465,0.045,2.74E-27,1.16E-28,1.640E-01,13%,1.64E-27,1.93E-28,2.170E+00,6%,2.17E-26,1.30E-27,,,,,,,,,130.00,,37,266
Arp-Madore1823-670,1,277.1686,-67.0184,https://www.google.com/url?sa=i&rct=j&q=&esrc=s&source=images&cd=&ved=0ahUKEwil9sbA59HYAhVF4WMKHd7xB68QjBwIBA&url=https%3A%2F%2Fupload.wikimedia.org%2Fwikipedia%2Fcommons%2Fthumb%2F6%2F61%2FIC_4710_-_HST.png%2F1061px-IC_4710_-_HST.png&psig=AOvVaw2in-XWVk0-NVlMtRB4zxJL&ust=1515825313819602,Arp-Madore1823-670,Arp-Madore1823-670,38,,IC 4710,18h28m37.97s,-66d58m56.2s,0.243,G,739,,3.6,SB(s)m         HII,SB(s)m,,,,,,,,,,,< 1.213E-01,,< 1.21E-27,9.824E-01,11%,9.82E-27,1.08E-27,,,,,,,,,,204.17,88,38
Arp-Madore1907-570,2,287.8349,-57.0522,WFPC2 814 and 300W. Check HLA. Could add blue filter maybe. ,Arp-Madore1907-570,Arp-Madore1907-570,143,,NGC 6753,19h11m23.64s,-57d02m58.4s,0.189,G,3169,,2.5,(R')SA(r)b,(R)SA(r)b,,,,,,,,,,7.235E-01,6%,7.23E-27,3.60E-28,9.425E+00,4%,9.42E-26,3.77E-27,,,,,,,,,,173.78,143,143
Arp-Madore1942-502,1,296.4679,-50.3029,,Arp-Madore1942-502,Arp-Madore1942-502,243,,ESO 232- G 023,19h45m52.35s,-50d17m40.0s,0.117,G,7351,,1.3,SA(s)c,SA(rs)cd,,17.1259,0.0452566,5.12E-30,2.14E-31,13.770,0.204,2.07E-29,4.28E-30,,,,,,,,,,,,,,,,,10.80,66.83,14,243
Arp-Madore2011-705,1,304.2335,-70.7643,,Arp-Madore2011-705,Arp-Madore2011-705,46,,NGC 6872,20h16m56.56s,-70d46m04.6s,0.127,G,4555,,6.0,SAB(rs)c,SB(s)b pec,,,,,,,,,,1.648E-01,13%,1.65E-27,1.72E-28,1.666E+00,7%,1.67E-26,1.17E-27,,,,,,,,,,257.04,64,46
Arp-Madore2036-542,2,310.1566,-54.3005,,Arp-Madore2036-542,Arp-Madore2036-542,215,,NGC 6942,20h40m37.85s,-54d18m11.0s,0.130,G,3272,,2.0,(R'_2)SB(rs)a,(R')SB0/a?(rs),,19.2648,0.109311,7.15E-31,7.19E-32,8.723,0.028,2.16E-27,5.65E-29,,,,,,,,,,,,,,,,,110.20,134.90,44,215
Arp-Madore2042-382,1,311.4027,-38.2306," ESO 341-IG 012; Winkler et al 1993 says ""Galaxy with superposed star""",Arp-Madore2042-382,Arp-Madore2042-382,244,ERROR: Input name not recognized by NED,,,,,,,,,,,,,,,,,,,,,,,,,,,,,,,,,,,,,,,244
Arp-Madore2042-382,1,311.4027,-38.2306," ESO 341-IG 012; Winkler et al 1993 says ""Galaxy with superposed star""",Arp-Madore2042-382,Arp-Madore2042-382,245,ERROR: Input name not recognized by NED,,,,,,,,,,,,,,,,,,,,,,,,,,,,,,,,,,,,,,,245
Arp-Madore2050-441,2,313.5838,-44.0628,,Arp-Madore2050-441,Arp-Madore2050-441,3,,ESO 286- G 010,20h54m21.09s,-44d03m45.6s,0.121,G,5368,,2.1,(R')SA(rs)a,(R')SA(rs)a,,,,,,9.269,0.029,1.31E-27,3.54E-29,,,,,,,,,,,,,,,,,73.60,113.50,22,3
Arp-Madore2113-590,2,319.4239,-58.8683,Cute but far and stars are in the way?  Decent filler,Arp-Madore2113-590,Arp-Madore2113-590,170,,ESO 145-IG 003,21h17m42.95s,-58d52m21.7s,0.104,GTrpl,14854,,,Interacting triplet,interacting triple,,,,,,,,,,3.466E-01,7%,3.47E-27,8.07E-29,2.925E+00,6%,2.92E-26,1.75E-27,,,,,,,,,,,11,170
Arp-Madore2143-464,1,326.5632,-46.5187,NGC 7119 Vr=9666 km/s Check if foreground extinction is too high?  (Ned suggests AV=0.053 so fine),Arp-Madore2143-464,Arp-Madore2143-464,50,,NGC 7119,21h46m15.50s,-46d31m05.0s,0.053,GPair,9666,,,,S(s)c,,,,,,,,,,,,,,,,,,,,,,,,,,,,18,50
Arp-Madore2143-464,1,326.5632,-46.5187,NGC 7119 Vr=9666 km/s Check if foreground extinction is too high?  (Ned suggests AV=0.053 so fine),Arp-Madore2143-464,Arp-Madore2143-464,51,WARNING: Same object as in entry 50 - Arp-Madore2143-464,,,,,,,,,,,,,,,,,,,,,,,,,,,,,,,,,,,,,,,51
Arp-Madore2159-321,1,330.511,-31.9702,NGC 7173; Decent ACS imaging. Ooooooo!  https://www.google.com/url?sa=i&rct=j&q=&esrc=s&source=images&cd=&ved=0ahUKEwj1vpP6x9PYAhVFxGMKHSIMA6QQjxwIAw&url=https%3A%2F%2Fde.wikipedia.org%2Fwiki%2FNGC_7173&psig=AOvVaw382r-yoJBeB3H1tAjiYuKl&ust=1515885558832797,Arp-Madore2159-321,Arp-Madore2159-321,168,ERROR: Input name not recognized by NED,,,,,,,,,,,,,,,,,,,,,,,,,,,,,,,,,,,,,,,168
Arp-Madore2159-321,1,330.511,-31.9702,NGC 7173; Decent ACS imaging. Ooooooo!  https://www.google.com/url?sa=i&rct=j&q=&esrc=s&source=images&cd=&ved=0ahUKEwj1vpP6x9PYAhVFxGMKHSIMA6QQjxwIAw&url=https%3A%2F%2Fde.wikipedia.org%2Fwiki%2FNGC_7173&psig=AOvVaw382r-yoJBeB3H1tAjiYuKl&ust=1515885558832797,Arp-Madore2159-321,Arp-Madore2159-321,169,ERROR: Input name not recognized by NED,,,,,,,,,,,,,,,,,,,,,,,,,,,,,,,,,,,,,,,169
Arp-Madore2159-321,1,330.5318,-31.9951,,Arp-Madore2159-321,Arp-Madore2159-321,168,ERROR: Input name not recognized by NED,,,,,,,,,,,,,,,,,,,,,,,,,,,,,,,,,,,,,,,168
Arp-Madore2159-321,1,330.5318,-31.9951,,Arp-Madore2159-321,Arp-Madore2159-321,169,ERROR: Input name not recognized by NED,,,,,,,,,,,,,,,,,,,,,,,,,,,,,,,,,,,,,,,169
Arp-Madore2203-430,2,331.6447,-42.8608,ESO 288- G 040; Vr=2241,Arp-Madore2203-430,Arp-Madore2203-430,191,,ESO 288- G 040,22h06m33.73s,-42d51m33.0s,0.026,G,2241,,1.5,IB(s)m,IB(s)m,,,,,,,,,,,,,,,,,,,,,,,,,,,42.66,14,191
Arp-Madore2211-274,2,333.6686,-27.4679,Good filler; but not that dramatic,Arp-Madore2211-274,Arp-Madore2211-274,257,,ESO 467- G 027,22h14m39.92s,-27d27m50.3s,0.061,G,5217,,1.5,(R')SA(rs)bc   HII,(R')SAB(rs)bc?,,,,,,9.754,0.029,8.36E-28,2.26E-29,5.799E-01,11%,5.80E-27,4.52E-28,5.457E+00,5%,5.46E-26,2.73E-27,52.4,2.3,5.24E-28,2.30E-29,,,,,73.20,104.71,61,257
Arp-Madore2217-245,1,335.1871,-24.6796,,Arp-Madore2217-245,Arp-Madore2217-245,293,,NGC 7252,22h20m44.75s,-24d40m41.8s,0.083,G,4792,,1.9,(R)SA(r)0^0^:  HII,(R)SA0^0?(r),,,,,,9.312,0.025,1.26E-27,2.93E-29,4.322E-01,10%,4.32E-27,2.40E-28,3.975E+00,5%,3.97E-26,1.99E-27,25.3,1.2,2.53E-28,1.20E-29,,,,,64.20,118.85,277,293
Arp-Madore2246-490,1,342.4186,-48.8517,ESO-239-IG-002,Arp-Madore2246-490,Arp-Madore2246-490,181,,ESO 239-IG 002,22h49m39.84s,-48d50m58.1s,0.027,G,12901,,1.9,SA(r?)p        ULIRG,Sc,,18.5271,0.0862528,1.41E-30,1.12E-31,10.902,0.062,2.91E-28,1.71E-29,1.051E+00,6%,1.05E-26,7.68E-29,6.664E+00,7%,6.66E-26,4.66E-27,,,,,,,,,30.00,,54,181
Arp-Madore2246-490,1,342.4186,-48.8517,ESO-239-IG-002,Arp-Madore2246-490,Arp-Madore2246-490,181,,ESO 239-IG 002,22h49m39.84s,-48d50m58.1s,0.027,G,12901,,1.9,SA(r?)p        ULIRG,Sc,,18.5271,0.0862528,1.41E-30,1.12E-31,10.902,0.062,2.91E-28,1.71E-29,1.051E+00,6%,1.05E-26,7.68E-29,6.664E+00,7%,6.66E-26,4.66E-27,,,,,,,,,30.00,,54,181
Arp-Madore2318-420,2,350.2013,-41.7342,Vr=1623 km/s,Arp-Madore2318-420,Arp-Madore2318-420,66,,ESO 347- G 008,23h20m49.10s,-41d43m51.0s,0.051,G,1623,,1.7,SAB(s)m,SB(s)m,,16.2777,0.0275000,1.12E-29,2.83E-31,,,,,,,,,,,,,,,,,,,,,,66.83,39,66
Arp-Madore2323-323,1,351.6093,-32.3881,,Arp-Madore2323-323,Arp-Madore2323-323,101,,UGCA 438,23h26m27.52s,-32d23m19.5s,0.040,G,62,,1.5,IB(s)m pec:,IB(s)m pec?,,,,,,,,,,,,,,,,,,,,,,,,,,,101.16,115,101
Arp-Madore2333-381,1,354.0645,-37.9382,NGC7713; https://www.google.com/url?sa=i&rct=j&q=&esrc=s&source=images&cd=&ved=0ahUKEwjin8yJ49LYAhUI02MKHUjACiIQjBwIBA&url=https%3A%2F%2Fupload.wikimedia.org%2Fwikipedia%2Fcommons%2Fthumb%2Ff%2Ff1%2FNGC_7713.jpg%2F300px-NGC_7713.jpg&psig=AOvVaw1f4Dv2jjRnOKysMQ2jaUjI&ust=1515858477615210,Arp-Madore2333-381,Arp-Madore2333-381,169,,NGC 7713,23h36m14.99s,-37d56m17.1s,0.045,G,696,,4.5,SB(r)d:        HII,SB(r)d?,,,,,,9.195,0.028,1.40E-27,3.66E-29,,,,,,,,,19.0,2.1,1.90E-28,2.10E-29,,,,,168.20,278.61,138,169
Arp-Madore2346-303,2,357.3201,-30.2503,Possible weird dust late. Filler.,Arp-Madore2346-303,Arp-Madore2346-303,268,,ESO 471- G 022,23h49m15.62s,-30d14m55.3s,0.045,G,13809,,1.2,IB0? pec,IB0? pec,,,> 21.0991,,> 1.32E-31,10.812,0.048,3.16E-28,1.43E-29,,,,,,,,,,,,,,,,,40.00,66.07,17,268
Arp101,2,241.1325,14.8183,Possible filler,Arp101,Arp101,101,,Arp101,16h04m29.99s,+14d48m00.7s,0.128,GPair,,,,,M51 Type,,,,,,,,,,,,,,,,,,,,,,,,,,,,8,101
Arp104,1,203.045,62.7667,https://www.google.com/url?sa=i&rct=j&q=&esrc=s&source=images&cd=&ved=0ahUKEwiZ9bi_j9TYAhUV_mMKHawzDFYQjBwIBA&url=http%3A%2F%2Fwww.caelumobservatory.com%2Fmlsc%2Fn5216thumb.jpg&psig=AOvVaw36-vJqGDIlUGb0t3Vkx-VN&ust=1515904761847611,Arp104,Arp104,104,,Arp104,13h32m08.90s,+62d44m02.0s,0.057,GPair,3243,,,,M51 Type,,,,,,,,,,,,,,,,,,,,,,,,,,,,17,104
Arp105,1,167.805,28.695,The guitar https://www.google.com/url?sa=i&rct=j&q=&esrc=s&source=images&cd=&ved=0ahUKEwjDu8fyj9TYAhVW-2MKHeHDBFUQjBwIBA&url=http%3A%2F%2Ffaculty.etsu.edu%2Fsmithbj%2Fresearch%2Fsg%2Fsdss%2FArp 105_2.jpg&psig=AOvVaw3oFzSwg_bwRisU7aNT3dSY&ust=1515904875703265,Arp105,Arp105,105,,Arp105,11h11m13.00s,+28d43m29.0s,0.080,GTrpl,,,,,M51 Type,,,,,,,,,,,,,,,,,,,,,,,,,,,,25,105
Arp115,2,175.7625,26.2767,,Arp115,Arp115,115,,Arp115,11h43m02.30s,+26d16m02.0s,0.076,GTrpl,,,,,,,,,,,,,,,,,,,,,,,,,,,,,,,,,5,115
Arp120,1,186.94,13.0083,https://www.google.com/url?sa=i&rct=j&q=&esrc=s&source=images&cd=&ved=0ahUKEwjdovybkNTYAhUQ3mMKHY1RAy4QjBwIBA&url=https%3A%2F%2Fupload.wikimedia.org%2Fwikipedia%2Fcommons%2Fthumb%2F7%2F76%2FNGC4438-NGC4435-eso1131a.jpg%2F1200px-NGC4438-NGC4435-eso1131a.jpg&psig=AOvVaw0BJhykWzm-Sa1AEU5v45Mb&ust=1515904965175336,Arp120,Arp120,120,,Arp120,12h27m43.00s,+13d02m38.0s,0.076,GPair,,,,,,,,,,,,,,,,,,,,,,,,,,,,,,,,,12,120
Arp133,1,21.435,-1.38,Minkoswki's Object -- jet induced SF. -- NGC 541,Arp133,Arp133,133,,NGC 0541,01h25m44.31s,-01d22m46.5s,0.126,G,5422,,1.8,cD;S0-:,S0^-?,,,,,,9.295,0.031,1.28E-27,3.70E-29,,,,,,,,,150.0,5.1,1.50E-27,5.10E-29,,,,,75.60,,155,133
Arp140,2,12.77,-7.0633,Seems like 1 decent ACS image.  Evaluate...,Arp140,Arp140,140,,Arp140,00h51m03.00s,-07d03m42.0s,0.153,GPair,1730,,,LINER,material emanating from an elliptical,,,,,,,,,,,< 7.870E-01,,< 7.87E-27,4.573E+00,8%,4.57E-26,3.66E-27,,,,,,,,,,,27,140
Arp147,1,47.8275,1.3133,Check out how pretty: http://hubblesite.org/image/2422/news_release/2008-37,Arp147,Arp147,147,,IC 0298,03h11m18.90s,+01d18m53.0s,0.259,GPair,9656,,,RingA+B,RING,,,,,,,,,,,< 1.668E-01,,< 1.67E-27,7.911E-01,9%,7.91E-27,7.12E-28,,,,,,,,,,,40,147
Arp148,2,166,40.8467,,Arp148,Arp148,148,,Arp148,11h03m53.20s,+40d50m57.0s,0.024,GPair,10350,,,S0p+Sp (ring)  LIRG,RING,,,,,,,,,,3.313E-01,9%,3.31E-27,9.99E-29,5.842E+00,6%,5.84E-26,3.51E-27,,,,,31.47,,3.15E-28,,,,126,148
Arp155,1,170.91,53.8417,Most are NICMOS. 1 single HST.,Arp155,Arp155,155,,Arp155,11h23m38.81s,+53d50m09.6s,0.041,GPair,,,,,dust,,,,,,,,,,,,,,,,,,,,,,,,,,,,16,155
Arp157,1,21.1475,3.7933,NGC 520; https://www.google.com/url?sa=i&rct=j&q=&esrc=s&source=images&cd=&ved=0ahUKEwjBvcrAkNTYAhVL12MKHTVuCHsQjBwIBA&url=https%3A%2F%2Fcdn.eso.org%2Fimages%2Fscreen%2Fpotw1048a.jpg&psig=AOvVaw295sVYyF-ca5i9PO3tS_fu&ust=1515904991881886,Arp157,Arp157,157,,NGC 0520,01h24m35.07s,+03d47m32.7s,0.077,GPair,2281,,,Pec;HII        Sbrst,pec,,,,,,,,,,2.866E+00,6%,2.87E-26,4.60E-28,3.087E+01,6%,3.09E-25,1.85E-26,176.9,5.3,1.77E-27,5.30E-29,,,,,,,441,157
Arp160,2,183.5425,54.5283,Medusa galaxy: http://chandra.harvard.edu/photo/2009/medusa/,Arp160,Arp160,160,,NGC 4194,12h14m09.47s,+54d31m36.6s,0.043,G,2501,,1.8,IBm pec;BlueCG HII,IBm pec,Starburst,,,,,9.626,0.022,9.41E-28,1.93E-29,4.312E+00,5%,4.31E-26,4.17E-28,2.138E+01,12%,2.14E-25,2.57E-26,101.1,3.1,1.01E-27,3.10E-29,,,,,49.40,,387,160
Arp169,2,333.6875,13.8467,Lots of WFPC2. Not the most interesting; possibly.,Arp169,Arp169,169,,UGC 11958,22h14m46.90s,+13d50m24.0s,0.177,GTrpl,7885,,,TRP SYS,triple,,,,,,,,,,,,,,,,,,,,,,,,,,,,202,169
Arp170,2,349.3,18.7,Obs are mostly WFPC2. and nicmos. Check.,Arp170,Arp170,170,,NGC 7578,23h17m12.70s,+18d42m16.0s,0.191,GPair,,,,,diffuse counter-tails,,,,,,,,,,,,,,,,,,,,,,,,,,,,10,170
Arp178,1,216.025,34.8917,https://upload.wikimedia.org/wikipedia/commons/thumb/3/35/N5613s.jpg/1200px-N5613s.jpg,Arp178,Arp178,178,,Arp178,14h24m06.80s,+34d52m32.0s,0.043,GTrpl,,,,,narrow counter-tails,,,,,,,,,,,,,,,,,,,,,,,,,,,,12,178
Arp181,2,157.07,79.8233,Fairly minor interaction.,Arp181,Arp181,181,,Arp181,10h28m28.55s,+79d49m05.3s,0.061,GPair,,,,,narrow filaments,,,,,,,,,,1.798E-01,11%,1.80E-27,1.17E-28,1.213E+00,8%,1.21E-26,9.70E-28,,,,,,,,,,,17,181
Arp182,1,351.9875,8.7783,https://upload.wikimedia.org/wikipedia/commons/thumb/2/24/Hubble_Interacting_Galaxy_NGC_7674_%282008-04-24%29.jpg/500px-Hubble_Interacting_Galaxy_NGC_7674_%282008-04-24%29.jpg,Arp182,Arp182,182,,Arp182,23h27m57.80s,+08d46m51.0s,0.162,GPair,8753,,,Mult pec,narrow filaments,,,,,,,,,,,,,,,,,,,,,,,,,,,,13,182
Arp186,1,68.5,-8.5783,https://upload.wikimedia.org/wikipedia/commons/thumb/c/ca/Hubble_Interacting_Galaxy_NGC_1614_%282008-04-24%29.jpg/500px-Hubble_Interacting_Galaxy_NGC_1614_%282008-04-24%29.jpg,Arp186,Arp186,186,,NGC 1614,04h33m59.85s,-08d34m44.0s,0.422,G,4778,,1.3,SB(s)c pec;HII:Sy2,SB(s)c pec,Starburst,,,,,9.469,0.020,1.09E-27,2.02E-29,7.286E+00,5%,7.29E-26,7.21E-28,3.231E+01,4%,3.23E-25,1.29E-26,138.2,4.9,1.38E-27,4.90E-29,,,,,54.00,,502,186
Arp188,1,241.515,55.4217,https://www.google.com/url?sa=i&rct=j&q=&esrc=s&source=images&cd=&ved=0ahUKEwjPj6CLktTYAhVK_WMKHQiNAXYQjBwIBA&url=https%3A%2F%2Fapod.nasa.gov%2Fapod%2Fimage%2F1211%2FTadpoleGalaxyPS1V9snyder.jpg&psig=AOvVaw0n95tSm5LAGVAGaB6iiNlq&ust=1515905469132711,Arp188,Arp188,188,,UGC 10214,16h06m03.92s,+55d25m31.6s,0.025,G,9401,,3.6,SB(s)c pec,SB(s)c pec,,,,,,10.592,0.047,3.87E-28,1.71E-29,,< 5.074E-02,,< 5.07E-28,1.539E-01,19%,1.54E-27,2.92E-28,,,,,,,,,,,57,188
Arp193,1,200.1475,34.1383,https://upload.wikimedia.org/wikipedia/commons/thumb/9/9e/Hubble_Interacting_Galaxy_IC_883_%282008-04-24%29.jpg/1024px-Hubble_Interacting_Galaxy_IC_883_%282008-04-24%29.jpg,Arp193,Arp193,193,,IC 0883,13h20m35.34s,+34d08m22.2s,0.035,G,6985,,0.56,Sb sp          LIRG,Im? pec,,,,,,10.929,0.033,2.83E-28,8.75E-30,1.362E+00,8%,1.36E-26,2.10E-28,1.544E+01,9%,1.54E-25,1.39E-26,104.9,3.2,1.05E-27,3.20E-29,103.60,,1.04E-27,,30.80,,312,193
Arp194,1,179.47,36.3883,https://www.nasa.gov/images/content/332467main_hs-2009-18-a-large_web.jpg,Arp194,Arp194,194,,UGC 06945,11h57m55.30s,+36d23m20.0s,0.061,GPair,10436,,,,S?,,,,,,,,,,,,,,,,,,,,,,,,,,,,18,194
Arp206,2,163.13,36.62,,Arp206,Arp206,206,,Arp206,10h52m23.60s,+36d36m24.0s,0.035,GPair,,,,,M51 Type,,,,,,,,,,,,,,,,,,,,,,,,,,,,10,206
Arp209,1,241.3025,20.5417,Well observed. Can't see image on the web....,Arp209,Arp209,209,,NGC 6052,16h05m12.99s,+20d32m32.5s,0.209,GPair,4739,,,Sc+Sc          LIRG,Sc,,,,,,,,,,8.276E-01,8%,8.28E-27,2.18E-28,6.153E+00,5%,6.15E-26,3.08E-27,105.3,4.2,1.05E-27,4.20E-29,,,,,,,354,209
Arp210,1,67.705,64.8483,https://www.google.com/url?sa=i&rct=j&q=&esrc=s&source=images&cd=&ved=0ahUKEwj-487OmNHYAhUCwmMKHeIQBDkQjBwIBA&url=https%3A%2F%2Fupload.wikimedia.org%2Fwikipedia%2Fcommons%2Fthumb%2Fe%2Fe9%2FStarburst_in_a_Dwarf_Irregular_Galaxy.jpg%2F1200px-Starburst_in_a_Dwarf_Irregular_Galaxy.jpg&psig=AOvVaw2BA6WwNGCsx7sMnkRvX6SA&ust=1515804140783946,Arp210,Arp210,210,,NGC 1569,04h30m49.06s,+64d50m52.6s,1.903,G,-104,,3.6,IBm;Sbrst      Sy1,IBm,,,,,,,,,,7.087E+00,4%,7.09E-26,3.18E-28,4.541E+01,4%,4.54E-25,1.82E-26,338.6,11.0,3.39E-27,1.10E-28,,,,,,,631,210
Arp212,1,350.125,17.225,1 nicmos exposure,Arp212,Arp212,212,,NGC 7625,23h20m30.13s,+17d13m32.0s,0.068,G,1633,,1.6,SA(rs)a pec    HII,SA(rs)a pec,,,,,,8.874,0.024,1.88E-27,4.20E-29,1.047E+00,7%,1.05E-26,4.16E-28,9.326E+00,6%,9.33E-26,5.60E-27,61.2,2.5,6.12E-28,2.50E-29,,,,,85.00,,241,212
Arp213,1,61.9475,69.8133,https://www.google.com/url?sa=i&rct=j&q=&esrc=s&source=images&cd=&ved=0ahUKEwio2eXuktTYAhVN4GMKHTtZAagQjBwIBA&url=https%3A%2F%2Fupload.wikimedia.org%2Fwikipedia%2Fcommons%2F4%2F49%2FArp 213-606-814.jpg&psig=AOvVaw1BFH8ArgJa2bteYhDUhiq1&ust=1515905675650090,Arp213,Arp213,213,,IC 0356,04h07m46.91s,+69d48m44.8s,1.155,G,895,,5.2,SA(s)ab pec,SA(s)ab pec,,,,,,,,,,1.644E-01,14%,1.64E-27,3.24E-28,3.842E+00,6%,3.84E-26,2.30E-27,,,,,,,,,,,120,213
Arp215,1,138.5225,40.1133,https://www.google.com/url?sa=i&rct=j&q=&esrc=s&source=images&cd=&ved=0ahUKEwjEnofwk9TYAhUT8GMKHU-6AN0QjBwIBA&url=https%3A%2F%2Fupload.wikimedia.org%2Fwikipedia%2Fcommons%2Fthumb%2F1%2F13%2FNGC_2782_hst_06673_11134_R814GB555B606.png%2F1200px-NGC_2782_hst_06673_11134_R814GB555B606.png&psig=AOvVaw0JvKOnOalsFttMd4jWFkyk&ust=1515905937086103,Arp215,Arp215,215,,NGC 2782,09h14m05.11s,+40d06m49.3s,0.044,G,2543,,3.5,SAB(rs)a;Sy1   Sbrst,SAB(rs)a pec,Starburst,,,,,8.871,0.020,1.89E-27,3.51E-29,1.414E+00,7%,1.41E-26,3.46E-28,8.668E+00,9%,8.67E-26,7.80E-27,125.5,5.0,1.25E-27,5.00E-29,107.50,,1.08E-27,,89.20,,419,215
Arp220,1,233.7375,23.505,https://www.google.com/url?sa=i&rct=j&q=&esrc=s&source=images&cd=&ved=0ahUKEwiYoaiEmdHYAhUR0mMKHR4yDs0QjBwIBA&url=https%3A%2F%2Fwww.nasa.gov%2Fimages%2Fcontent%2F647422main_pia15625-full_full.jpg&psig=AOvVaw3nUsojGcUvI8Oqa6HNl5oD&ust=1515804251268020,Arp220,Arp220,220,,Arp220,15h34m57.25s,+23d30m11.3s,0.139,G,5434,,1.5,S?;LINER;HII   Sy2,S?,Sy,,,,,,,,,7.907E+00,5%,7.91E-26,2.42E-28,1.038E+02,4%,1.04E-24,4.15E-26,326.8,9.8,3.27E-27,9.80E-29,,,,,,,1023,220
Arp223,2,349.51,-4.6483,Obs are WFPC2; NICMOS; STIS; https://www.google.com/url?sa=i&rct=j&q=&esrc=s&source=images&cd=&ved=0ahUKEwjuvKW6mdHYAhVT62MKHUENA5oQjBwIBA&url=https%3A%2F%2Fupload.wikimedia.org%2Fwikipedia%2Fcommons%2Fthumb%2F6%2F65%2FNGC7585-HST-R814GB555.jpg%2F1200px-NGC7585-HST-R814GB555.jpg&psig=AOvVaw0TMLaCjcbhgLLLsEYwHprH&ust=1515804301227012,Arp223,Arp223,223,,NGC 7585,23h18m01.34s,-04d39m01.1s,0.147,G,3539,,2.3,(R')SA(s)0+ pec,(R')SA0^+(s) pec,,,,,,8.466,0.022,2.74E-27,5.61E-29,,,,,,,,,,,,,,,,,113.40,,114,223
Arp224,1,177.7775,55.0783,https://www.google.com/url?sa=i&rct=j&q=&esrc=s&source=images&cd=&ved=0ahUKEwj9seTtltTYAhUC9GMKHTIEA_wQjBwIBA&url=https%3A%2F%2Fupload.wikimedia.org%2Fwikipedia%2Fcommons%2Fthumb%2Fa%2Fa3%2FEvolution_in_slow_motion.jpg%2F1200px-Evolution_in_slow_motion.jpg&psig=AOvVaw0t25jthTgKGtxqeU-xfZYj&ust=1515906750702257,Arp224,Arp224,224,,NGC 3921,11h51m06.87s,+55d04m43.5s,0.038,G,5896,,2.1,(R')SA(s)0/a pec,(R')SA0/a(s) pec,Starburst,,,,,9.814,0.027,7.91E-28,1.99E-29,1.084E-01,17%,1.08E-27,1.98E-28,8.279E-01,6%,8.28E-27,4.97E-28,8.4,0.5,8.40E-29,5.00E-30,,,,,52.20,,175,224
Arp226,1,335.1875,-24.6783,This system is bonkers: https://www.google.com/url?sa=i&rct=j&q=&esrc=s&source=images&cd=&ved=0ahUKEwjW_u_Ll9TYAhUBSWMKHcerDtEQjBwIBA&url=http%3A%2F%2Fcdn.sci-news.com%2Fimages%2Fenlarge2%2Fimage_3491e-NGC-7252.jpg&psig=AOvVaw1HmJQvmWWEN2qg4uji_CgM&ust=1515906946475574,Arp226,Arp226,226,,NGC 7252,22h20m44.75s,-24d40m41.8s,0.083,G,4792,,1.9,(R)SA(r)0^0^:  HII,(R)SA0^0?(r),,,,,,9.312,0.025,1.26E-27,2.93E-29,4.322E-01,10%,4.32E-27,2.40E-28,3.975E+00,5%,3.97E-26,1.99E-27,25.3,1.2,2.53E-28,1.20E-29,,,,,64.20,118.85,277,226
Arp227,1,20.0275,3.4167,https://www.google.com/url?sa=i&rct=j&q=&esrc=s&source=images&cd=&ved=0ahUKEwj2lvnLmNTYAhUOz2MKHWq4BGUQjBwIBA&url=http%3A%2F%2Fwww.capella-observatory.com%2Fimages%2FGalaxies%2FNGC470.jpg&psig=AOvVaw1PRYm3FHyaxv_YLc9QA5Oe&ust=1515907161814433,Arp227,Arp227,227,,Arp227,01h19m55.80s,+03d24m44.0s,0.096,GPair,,,,,shells,,,,,,,,,,,,,,,,,,,,,,,,,,,,8,227
Arp23,1,190.385,41.15,https://www.google.com/url?sa=i&rct=j&q=&esrc=s&source=images&cd=&ved=0ahUKEwiKvdmui9TYAhVDxWMKHU1QDSkQjBwIBA&url=https%3A%2F%2Fupload.wikimedia.org%2Fwikipedia%2Fcommons%2Fthumb%2F3%2F3c%2FNGC_4618_hst_09042_05446_R814B450_606.png%2F1024px-NGC_4618_hst_09042_05446_R814B450_606.png&psig=AOvVaw3WMFzfevhn8GZg5ig7XdZP&ust=1515903661077077,Arp23,Arp23,23,,NGC 4618,12h41m32.85s,+41d09m02.8s,0.058,G,544,,4.2,SB(rs)m        HII,SB(rs)m,,,,,,8.662,0.056,2.29E-27,1.21E-28,,< 2.085E-01,,< 2.08E-27,3.823E+00,6%,3.82E-26,2.29E-27,,,,,,,,,146.20,,304,23
Arp230,1,11.6,-13.4417,https://www.google.com/url?sa=i&rct=j&q=&esrc=s&source=images&cd=&ved=0ahUKEwiaj4TxmdHYAhUH0mMKHaFiCnkQjBwIBA&url=http%3A%2F%2Fwww.nasa.gov%2Fsites%2Fdefault%2Ffiles%2Fthumbnails%2Fimage%2Fpotw1504a.jpg&psig=AOvVaw09DhDnJXauEXG8DK-KD180&ust=1515804475425887,Arp230,Arp230,230,,IC 0051,00h46m24.22s,-13d26m32.5s,0.054,G,1720,,1.3,S0 pec?,S0 pec?,,16.3765,0.0294545,1.02E-29,2.77E-31,10.251,0.040,5.29E-28,1.99E-29,2.004E-01,23%,2.00E-27,3.58E-28,2.214E+00,6%,2.21E-26,1.33E-27,26.3,1.6,2.63E-28,1.60E-29,,,,,49.00,,75,230
Arp232,2,143.445,10.1517,https://www.google.com/url?sa=i&rct=j&q=&esrc=s&source=images&cd=&ved=0ahUKEwips8-pmtHYAhURzGMKHcEzBtoQjBwIBA&url=https%3A%2F%2Fcseligman.com%2Ftext%2Fatlas%2Fngc2911.jpg&psig=AOvVaw1h1IEHrbXbRlaBM3eyU7Ex&ust=1515804541836971,Arp232,Arp232,232,,NGC 2911,09h33m46.11s,+10d09m08.8s,0.084,G,3183,,4.1,SA(s)0:pec;Sy  LINER,SA0(s)? pec,Flat-Spectrum Radio Source,,,,,8.711,0.033,2.19E-27,6.75E-29,,< 2.413E-01,,< 2.41E-27,2.192E-01,19%,2.19E-27,4.16E-28,58.6,2.2,5.86E-28,2.20E-29,,,,,,,253,232
Arp235,1,2.1925,15.815,https://www.google.com/url?sa=i&rct=j&q=&esrc=s&source=images&cd=&ved=0ahUKEwirzI7CmtHYAhUX82MKHbwSBdkQjBwIBA&url=https%3A%2F%2Fupload.wikimedia.org%2Fwikipedia%2Fcommons%2F7%2F73%2FNGC14_-_SDSS_DR14.png&psig=AOvVaw14-RzEEIFOP_viEDg9LkdU&ust=1515804644194983,Arp235,Arp235,235,,NGC 0014,00h08m46.40s,+15d48m56.0s,0.213,G,865,,2.8,(R)IB(s)m pec,(R)IB(s)m pec,,,,,,10.421,0.086,4.52E-28,3.73E-29,,< 2.063E-01,,< 2.06E-27,7.217E-01,9%,7.22E-27,6.49E-28,,,,,,,,,70.80,,87,235
Arp236,1,16.9475,-17.5067,https://www.google.com/url?sa=i&rct=j&q=&esrc=s&source=images&cd=&ved=0ahUKEwi-mdyemdTYAhVU-WMKHcviDmkQjBwIBA&url=https%3A%2F%2Fupload.wikimedia.org%2Fwikipedia%2Fcommons%2F3%2F30%2FHubble_Interacting_Galaxy_IC_1623_%25282008-04-24%2529.jpg&psig=AOvVaw1aFHazMpFOMs4eFiWFJQ8y&ust=1515907384220323,Arp236,Arp236,236,,IC 1623,01h07m47.18s,-17d30m25.3s,0.043,GPair,6016,,,LIRG,appearance of fission,,,,,,,,,,3.574E+00,7%,3.57E-26,4.75E-28,2.258E+01,8%,2.26E-25,1.81E-26,249.2,9.8,2.49E-27,9.80E-29,,,,,,,171,236
Arp238,1,198.8725,62.1283,https://www.google.com/url?sa=i&rct=j&q=&esrc=s&source=images&cd=&ved=0ahUKEwi6poHsmtHYAhUE2mMKHXPXARgQjBwIBA&url=https%3A%2F%2Fupload.wikimedia.org%2Fwikipedia%2Fcommons%2Fthumb%2F5%2F54%2FHubble_Interacting_Galaxy_UGC_8335_%25282008-04-24%2529.jpg%2F1200px-Hubble_Interacting_Galaxy_UGC_8335_%25282008-04-24%2529.jpg&psig=AOvVaw1cnQ1584PrI3JEF5uPRKXF&ust=1515804740865007,Arp238,Arp238,238,,UGC 08335,13h15m32.80s,+62d07m37.0s,0.062,GPair,9243,,,Dbl Sys,S?,,,,,,,,,,,,,,,,,,,,,,,,,,,,81,238
Arp239,1,205.415,55.6683,https://www.google.com/url?sa=i&rct=j&q=&esrc=s&source=images&cd=&ved=0ahUKEwj44I6Cm9HYAhVbVWMKHfWqB5gQjBwIBA&url=https%3A%2F%2Fi0.wp.com%2Fzooniverse-resources.s3.amazonaws.com%2Fbigblogfiles%2Fgz%2FNGC%25205379(800px).png&psig=AOvVaw3PKIB30eiOv_fb4mNh6UiJ&ust=1515804779727466,Arp239,Arp239,239,,Arp239,13h41m41.72s,+55d40m20.4s,0.026,GPair,7463,,,Mult           Sy2,appearance of fission,,,,,,,,,,,,,,,,,,,,,,,,,,,,42,239
Arp240,1,204.97,0.84,https://www.google.com/url?sa=i&rct=j&q=&esrc=s&source=images&cd=&ved=0ahUKEwi0rdCYm9HYAhUR5GMKHbe-B_8QjBwIBA&url=http%3A%2F%2Fcdn.spacetelescope.org%2Farchives%2Fimages%2Fscreen%2Fheic0810at.jpg&psig=AOvVaw02hlW8ZwW9cnq8kyg5AZzu&ust=1515804829518360,Arp240,Arp240,240,,Arp240,13h39m55.30s,+00d50m07.0s,0.076,GPair,6745,,,LINER      HII;LIRG,appearance of fission,,,,,,,,,,1.230E+00,8%,1.23E-26,4.51E-28,9.297E+00,16%,9.30E-26,1.49E-26,,,,,,,,,,,77,240
Arp242,1,191.5425,30.7333,https://www.google.com/url?sa=i&rct=j&q=&esrc=s&source=images&cd=&ved=0ahUKEwjZ38nWmdTYAhUJ-GMKHf0rBFQQjBwIBA&url=https%3A%2F%2Fupload.wikimedia.org%2Fwikipedia%2Fcommons%2Fd%2Fdb%2FNGC4676.jpg&psig=AOvVaw2C2WMPohF--AUMBW4SCHYL&ust=1515907506954344,Arp242,Arp242,242,,NGC 4676,12h46m10.70s,+30d43m38.0s,0.045,GPair,6610,,,Mult,appearance of fission,,,,,,,,,,3.275E-01,11%,3.28E-27,1.20E-28,2.674E+00,6%,2.67E-26,1.60E-27,,,,,,,,,,,107,242
Arp243,1,129.6,25.755,https://www.google.com/url?sa=i&rct=j&q=&esrc=s&source=images&cd=&ved=0ahUKEwiUoeeym9HYAhVG2WMKHUzqDUMQjBwIBA&url=https%3A%2F%2Fcdn.spacetelescope.org%2Farchives%2Fimages%2Flarge%2Fpotw1742a.jpg&psig=AOvVaw28VyQm2NSywNNpDM9pRzx5&ust=1515804890221422,Arp243,Arp243,243,,NGC 2623,08h38m24.08s,+25d45m16.7s,0.113,G,5549,,2.4,Pec;LINER;LIRG Sy2,pec,,,,,,10.427,0.027,4.50E-28,1.13E-29,1.740E+00,5%,1.74E-26,1.06E-28,2.313E+01,4%,2.31E-25,9.25E-27,96.2,2.9,9.62E-28,2.90E-29,,,,,35.40,,380,243
Arp244,1,180.47,-18.865,,Arp244,Arp244,244,,Arp244,12h01m53.30s,-18d52m37.0s,0.127,GPair,1705,,,HII,appearance of fission,,,,,,,,,,4.416E+00,6%,4.42E-26,9.46E-28,3.947E+01,6%,3.95E-25,2.37E-26,,,,,,,,,,,337,244
Arp245,2,146.425,-14.3267,Can't fine images on line. Check HLA.,Arp245,Arp245,245,,Arp245,09h45m45.31s,-14d20m50.3s,0.166,GPair,,,,,appearance of fission,,,,,,,,,,,,,,,,,,,,,,,,,,,,19,245
Arp25,2,111.805,85.755,NGC 2276; Nice WFPC2; but doesn't cover the diffuse side. Consider doing???,Arp25,Arp25,25,,NGC 2276,07h27m14.36s,+85d45m16.4s,0.274,G,2416,,2.8,SAB(rs)c,SAB(rs)c,,,,,,9.077,0.039,1.56E-27,5.71E-29,1.165E+00,5%,1.17E-26,3.13E-28,1.197E+01,6%,1.20E-25,7.18E-27,269.2,8.7,2.69E-27,8.70E-29,,,,,100.80,,286,25
Arp252,1,146.2425,-19.725,https://www.google.com/url?sa=i&rct=j&q=&esrc=s&source=images&cd=&ved=0ahUKEwistvHWm9HYAhUW5WMKHY-VC34QjBwIBA&url=https%3A%2F%2Fupload.wikimedia.org%2Fwikipedia%2Fcommons%2Fthumb%2F0%2F00%2FHubble_Interacting_Galaxy_Arp _256_%25282008-04-24%2529.jpg%2F250px-Hubble_Interacting_Galaxy_Arp _256_%25282008-04-24%2529.jpg&psig=AOvVaw3ysgTThM68aFR7OdDLeL8u&ust=1515804963751692,Arp252,Arp252,252,,Arp252,09h44m59.00s,-19d43m08.0s,0.132,GPair,,,,,appearance of fission,,,,,,,,,,,,,,,,,,,,,,,,,,,,11,252
Arp254,1,230.385,-7.3767,N5917 -- why so many observations of this????? It's a mystery.,Arp254,Arp254,254,,NGC 5917,15h21m32.57s,-07d22m37.8s,0.265,G,1904,,1.5,Sb pec?,Sb pec?,,15.0934,0.0156699,3.33E-29,4.81E-31,10.773,0.054,3.27E-28,1.67E-29,5.131E-01,12%,5.13E-27,2.09E-28,3.736E+00,5%,3.74E-26,1.87E-27,39.8,1.9,3.98E-28,1.90E-29,,,,,49.20,,38,254
Arp256,1,4.7075,-10.3617,https://www.google.com/url?sa=i&rct=j&q=&esrc=s&source=images&cd=&ved=0ahUKEwjI3oCsnNHYAhUW8mMKHc0hBrAQjBwIBA&url=http%3A%2F%2Fcdn.spacetelescope.org%2Farchives%2Fimages%2Fscreen%2Fheic0810ag.jpg&psig=AOvVaw1zG2c5Zlu1pV8Ohng4g7NE&ust=1515805142084839,Arp256,Arp256,256,,Arp256,00h18m50.50s,-10d22m09.0s,0.099,GPair,8184,,,LIRG,appearance of fission,,,,,,,,,,1.133E+00,7%,1.13E-26,1.89E-28,6.883E+00,8%,6.88E-26,5.51E-27,,,,,,,,,,,49,256
Arp259,1,75.4075,-4.2583,https://www.google.com/url?sa=i&rct=j&q=&esrc=s&source=images&cd=&ved=0ahUKEwi22omCndHYAhVQx2MKHS4vBCwQjBwIBA&url=https%3A%2F%2Fcseligman.com%2Ftext%2Fatlas%2Fngc1741.ic399.jpg&psig=AOvVaw3S7NxQOUVGMj1cj5IuxI8Z&ust=1515805296671893,Arp259,Arp259,259,,NGC 1741,05h01m38.30s,-04d15m25.2s,0.139,GGroup,4039,,,Compact Group,pec,,,,,,,,,,5.793E-01,7%,5.79E-27,7.39E-29,3.917E+00,8%,3.92E-26,3.13E-27,,,,,,,,,,,164,259
Arp265,2,193.4725,36.0867,relatively small...,Arp265,Arp265,265,,IC 3862,12h53m53.40s,+36d05m13.0s,0.039,GPair,4197,,,DBL SYS,pair,,,,,,,,,,,,,,,,,,,,,,,,,,,,15,265
Arp266,1,194.7575,34.86,https://www.google.com/url?sa=i&rct=j&q=&esrc=s&source=images&cd=&ved=0ahUKEwiRos64ndHYAhUC2WMKHQq4DgEQjBwIBA&url=https%3A%2F%2Fupload.wikimedia.org%2Fwikipedia%2Fcommons%2Fthumb%2Fd%2Fdd%2FStarbirth_with_a_chance_of_winds%253F.jpg%2F1200px-Starbirth_with_a_chance_of_winds%253F.jpg&psig=AOvVaw2lqQ2sm4GxDJPEKeJPQy4m&ust=1515805431385245,Arp266,Arp266,266,,NGC 4861,12h59m02.34s,+34d51m34.0s,0.029,G,835,,4.0,SB(s)m:;HII    Sbrst,SB(s)m?,,,,,,,,,,,,,,,,,,,,,,,,,,,,285,266
Arp267,2,159.1775,31.5467,smallish,Arp267,Arp267,267,,UGC 05764,10h36m43.34s,+31d32m48.3s,0.054,G,586,,2.0,IB(s)m:,IB(s)m?,,,,,,,,,,,,,,,,,,,,,,,,,,,,94,267
Arp268,1,124.775,70.7133,,Arp268,Arp268,268,,Holmberg II,08h19m04.98s,+70d43m12.1s,0.087,G,142,,7.9,Im,Im,,,,,,,,,,,< 1.625E-01,,< 1.63E-27,1.147E+00,11%,1.15E-26,1.26E-27,,,,,,,,,,,491,268
Arp269,1,187.6525,41.64,NGC 4490; https://www.spacetelescope.org/images/potw1419a/,Arp269,Arp269,269,,Arp269,12h30m33.70s,+41d40m21.0s,0.059,GPair,299,,,SB(s)d pec     HII,connected pair,,,,,,,,,,,,,,,,,,,,,,,,,,,,44,269
Arp271,1,210.855,-6.07,https://www.google.com/url?sa=i&rct=j&q=&esrc=s&source=images&cd=&ved=0ahUKEwjCoqvOndTYAhUE9WMKHR2SApYQjBwIBA&url=https%3A%2F%2Fupload.wikimedia.org%2Fwikipedia%2Fcommons%2Fthumb%2Ff%2Ff0%2FArp _271.tif%2Flossy-page1-1200px-Arp _271.tif.jpg&psig=AOvVaw35a1THwn1P1eFesSsy3tN-&ust=1515908560475051,Arp271,Arp271,271,,Arp271,14h03m25.50s,-06d02m59.0s,0.078,GPair,2591,,,,connected pair,,,,,,,,,,,,,,,,,,,,,,,,,,,,30,271
Arp273,1,35.37,39.375,https://www.google.com/url?sa=i&rct=j&q=&esrc=s&source=images&cd=&ved=0ahUKEwjxnvWLntHYAhUC9mMKHYZjCTAQjBwIBA&url=https%3A%2F%2Fupload.wikimedia.org%2Fwikipedia%2Fcommons%2Fthumb%2F1%2F14%2FUGC_1810_and_UGC_1813_in_Arp _273_%2528captured_by_the_Hubble_Space_Telescope%2529.jpg%2F1010px-UGC_1810_and_UGC_1813_in_Arp _273_%2528captured_by_the_Hubble_Space_Telescope%2529.jpg&psig=AOvVaw10rBt7ZrUVsJ4d4KUZJ8J4&ust=1515805520901890,Arp273,Arp273,273,,Arp273,02h21m30.60s,+39d21m58.0s,0.155,GPair,,,,,connected pair,,,,,,,,,,,,,,,,,,,,,,,,,,,,29,273
Arp274,1,218.775,5.3483,https://www.google.com/url?sa=i&rct=j&q=&esrc=s&source=images&cd=&ved=0ahUKEwi1t5-bntHYAhUBLmMKHTzxBBMQjBwIBA&url=https%3A%2F%2Fapod.nasa.gov%2Fapod%2Fimage%2F0904%2FArp 274_hst_big.jpg&psig=AOvVaw3rys1LafjD5pn_Bf2C12YE&ust=1515805641837657,Arp274,Arp274,274,,NGC 5679,14h35m08.70s,+05d21m23.0s,0.101,GTrpl,8664,,,Mult,connected pair,,,,,,,,,,,< 1.274E-01,,< 1.27E-27,4.710E-01,12%,4.71E-27,5.65E-28,,,,,,,,,,,26,274
Arp280,2,174.435,47.8917,All WFPC2; check; http://www.galaxyzoo.org.s3.amazonaws.com/subjects/standard/1237661358615035960.jpg,Arp280,Arp280,280,,Arp280,11h37m47.70s,+47d53m13.0s,0.064,GPair,748,,,,interacting double,,,,,,,,,,,,,,,,,,,,,,,,,,,,14,280
Arp281,1,190.525,32.54,https://www.google.com/url?sa=i&rct=j&q=&esrc=s&source=images&cd=&ved=0ahUKEwjdy4bondTYAhUM9mMKHQueALoQjBwIBA&url=https%3A%2F%2Fs-media-cache-ak0.pinimg.com%2Foriginals%2F4b%2F87%2F8c%2F4b878c8b90a6e418d6cdc6c2166a807f.jpg&psig=AOvVaw3bH8Hu6-UK9mgdjcqb5QSL&ust=1515908612987014,Arp281,Arp281,281,,Arp281,12h42m03.80s,+32d33m27.0s,0.047,GPair,,,,,double galaxy with infall and attraction,,,,,,,,,,,,,,,,,,,,,,,,,,,,6,281
Arp283,2,139.345,42,Can't find image on line,Arp283,Arp283,283,,Arp283,09h17m26.90s,+41d59m48.0s,0.055,GPair,1806,,,Mult,double galaxy with infall and attraction,,,,,,,,,,,,,,,,,,,,,,,,,,,,39,283
Arp284,1,354.06,2.155,https://www.google.com/url?sa=i&rct=j&q=&esrc=s&source=images&cd=&ved=0ahUKEwibqMT4ndTYAhUO6WMKHWT4DuEQjBwIBA&url=https%3A%2F%2Fmk0astronomynow9oh6g.kinstacdn.com%2Fwp-content%2Fuploads%2F2015%2F01%2Fheic1503a.jpg&psig=AOvVaw2UZNAy1kdWaMjgYaENuWqm&ust=1515908642291860,Arp284,Arp284,284,,Arp284,23h36m18.10s,+02d09m21.0s,0.144,GPair,2803,,,SBb pec,double galaxy with infall and attraction,,,,,,,,,,,,,,,,,,,,,,,,,,,,42,284
Arp296,1,172.0825,58.5417,https://www.google.com/url?sa=i&rct=j&q=&esrc=s&source=images&cd=&ved=0ahUKEwi1ooumoNHYAhVFy2MKHelzBZkQjBwIBA&url=http%3A%2F%2Fwww.spacetelescope.org%2Fstatic%2Farchives%2Fimages%2Flarge%2Fheic0810as.jpg&psig=AOvVaw2QHfX83EaJ2qdMH0dGqnyS&ust=1515806192682566,Arp296,Arp296,296,,Arp296,11h28m48.20s,+58d34m38.0s,0.046,GPair,,,,,double galaxy with long filaments,,,,,,,,,,,,,,,,,,,,,,,,,,,,3,296
Arp297,1,221.3325,38.7317,Mostly STIS. https://www.google.com/url?sa=i&rct=j&q=&esrc=s&source=images&cd=&ved=0ahUKEwjXnNLVn9TYAhVC92MKHW6RCPcQjBwIBA&url=http%3A%2F%2Fpages.astronomy.ua.edu%2Fgifimages%2Fngc5754hst.jpg&psig=AOvVaw0xfGnRQOrUzxKf-GYfmLN8&ust=1515909069731963,Arp297,Arp297,297,,Arp297,14h45m19.30s,+38d45m41.0s,0.030,GGroup,,,,,double galaxy with long filaments,,,,,,,,,,,,,,,,,,,,,,,,,,,,6,297
Arp298,1,345.815,8.8733,https://www.google.com/url?sa=i&rct=j&q=&esrc=s&source=images&cd=&ved=0ahUKEwiTv-i3oNHYAhVPzmMKHVesAukQjBwIBA&url=http%3A%2F%2Fcdn.spacetelescope.org%2Farchives%2Fimages%2Fscreen%2Fheic0810cd.jpg&psig=AOvVaw3MPDilC5BAkgFxhruA8JQt&ust=1515806236440897,Arp298,Arp298,298,,Arp298,23h03m16.80s,+08d53m01.0s,0.188,GPair,,,,Mult,galaxy with interacting companion,,,,,,,,,,,,,,,,,,,,,,,,,,,,31,298
Arp299,1,172.14,58.5633,https://www.google.com/url?sa=i&rct=j&q=&esrc=s&source=images&cd=&ved=0ahUKEwjWhbzEoNHYAhUH7mMKHcigBRUQjBwIBA&url=http%3A%2F%2Fcdn.spacetelescope.org%2Farchives%2Fimages%2Fscreen%2Fheic0810as.jpg&psig=AOvVaw38c_YtlHSAEylLZx7gZIP0&ust=1515806264676481,Arp299,Arp299,299,,Arp299,11h28m30.40s,+58d34m10.0s,0.046,GTrpl,3088,,,IBm/SBm,galaxy with interacting companion,,,,,,,,,,,,,,,,,,,,,,,,,,,,126,299
Arp3,2,339.1425,-2.905,Vr=1691 km/s,Arp3,Arp3,3,,Arp003,22h36m35.05s,-02d54m24.4s,0.140,G,1691,,2.5,SA(s)m,SA(s)m,,15.6454,0.0239604,2.00E-29,4.42E-31,,,,,,,,,,,,,,,,,,,,,,,61,3
Arp302,1,224.255,24.6167,https://www.google.com/url?sa=i&rct=j&q=&esrc=s&source=images&cd=&ved=0ahUKEwiXyNaCodHYAhUL7GMKHXp9A3kQjBwIBA&url=http%3A%2F%2Fcdn.spacetelescope.org%2Farchives%2Fimages%2Fscreen%2Fheic0810af.jpg&psig=AOvVaw322mA_DgLM-J5PrD5uOXme&ust=1515806396969152,Arp302,Arp302,302,,UGC 09618,14h57m00.40s,+24d36m44.0s,0.116,GPair,9852,,,DBL SYS        LINER,pair,,,,,,,,,,,,,,,,,,,,,,,,,,,,68,302
Arp306,2,23.1225,4.595,UGC 01102; Vr=1954 km/s,Arp306,Arp306,306,,Arp306,01h32m37.80s,+04d37m53.7s,0.058,GGroup,,,,,interacting double,,,,,,,,,,,,,,,,,,,,,,,,,,,,7,306
Arp316,1,154.605,21.8933,,Arp316,Arp316,316,,Arp316,10h18m00.48s,+21d48m44.1s,0.069,GGroup,1379,,,Compact Group,interacting triple,,,,,,,,,,,,,,,,,,,,,,,,,,,,57,316
Arp319,1,338.9875,33.965,Stephans Quintent: https://www.google.com/url?sa=i&rct=j&q=&esrc=s&source=images&cd=&ved=0ahUKEwi3j5qQpNTYAhUE-mMKHRDxB_oQjBwIBA&url=https%3A%2F%2Fupload.wikimedia.org%2Fwikipedia%2Fcommons%2F4%2F48%2FStephan%2527s_Quintet_Hubble_2009.full_denoise.jpg&psig=AOvVaw1tR1PsLY-BmXgYA30yCDPZ&ust=1515910302456295,Arp319,Arp319,319,,Stephan's Quintet,22h35m59.10s,+33d57m31.0s,0.218,GGroup,6446,,,Compact Group,interacting quartet,,,,,,,,,,,< 2.330E-01,,< 2.33E-27,8.762E-01,10%,8.76E-27,8.76E-28,,,,,,,,,,,181,319
Arp335,2,166.1,4.83,WFPC2: https://www.google.com/url?sa=i&rct=j&q=&esrc=s&source=images&cd=&ved=0ahUKEwiG_cvhotHYAhUI7WMKHV0DDVEQjBwIBA&url=https%3A%2F%2Fupload.wikimedia.org%2Fwikipedia%2Fcommons%2Fb%2Fbb%2FNGC_3509_hst_08669_26_R814GB555.png&psig=AOvVaw0_WrW9G1BJMhdmCyvllX1K&ust=1515806792006753,Arp335,Arp335,335,,NGC 3509,11h04m23.55s,+04d49m43.0s,0.125,G,7704,,2.1,SA(s)bc pec,SA(s)bc pec,,,,,,10.191,0.074,5.59E-28,3.94E-29,2.573E-01,31%,2.57E-27,3.28E-28,1.086E+00,11%,1.09E-26,1.19E-27,27.9,1.7,2.79E-28,1.70E-29,,,,,86.60,,75,335
Arp5,1,171.1025,3.3267,NGC3664; https://www.google.com/url?sa=i&rct=j&q=&esrc=s&source=images&cd=&ved=0ahUKEwjIitmd5NLYAhVHy2MKHedwBmIQjBwIBA&url=https%3A%2F%2Fs-media-cache-ak0.pinimg.com%2Foriginals%2Fee%2F09%2F8b%2Fee098bd35fe9b772a890790eb10fc64f.jpg&psig=AOvVaw1a9RTDFYZxYXAxv5kgotI_&ust=1515858783665611,Arp5,Arp5,5,,NGC 3664,11h24m24.25s,+03d19m30.0s,0.122,G,1381,,2.0,SB(s)m pec,SB(s)m pec,,,,,,12.323,0.168,7.85E-29,1.31E-29,,< 2.239E-01,,< 2.24E-27,9.731E-01,11%,9.73E-27,1.07E-27,,,,,,,,,36.20,,123,5
Arp50,2,359.4925,-14.03,distant.,Arp50,Arp50,50,,IC 1520,23h57m54.80s,-14d02m27.0s,0.083,GPair,9023,,,,M51 Type,,,,,,,,,,2.436E-01,21%,2.44E-27,2.61E-28,5.660E-01,15%,5.66E-27,8.49E-28,,,,,,,,,,,13,50
Arp51,1,1.57,-13.4483,but what about that weird thing to the upper left of the large frame???,Arp51,Arp51,51,,Arp051,00h06m16.76s,-13d26m53.1s,0.085,G,,,0.5,SB:(s)c: pec II-III:,M51 Type,,17.6525,0.0593562,3.16E-30,1.72E-31,13.802,0.215,2.01E-29,4.40E-30,,,,,,,,,,,,,,,,,10.60,,9,51
Arp55,2,138.9825,44.3317,well-observed.,Arp55,Arp55,55,,UGC 04881,09h15m55.10s,+44d19m55.0s,0.047,GPair,11782,,,LINER;LIRG     HII,pair,,,,,,,,,,5.991E-01,8%,5.99E-27,1.08E-28,5.961E+00,6%,5.96E-26,3.58E-27,,,,,,,,,,,117,55
Arp57,2,199.1675,14.4367,pretty small...,Arp57,Arp57,57,,Arp057,13h16m47.70s,+14d25m28.0s,0.074,GPair,,,,,M51 Type,,,,,,,,,,,< 1.213E-01,,< 1.21E-27,4.546E-01,16%,4.55E-27,7.27E-28,,,,,,,,,,,8,57
Arp61,2,69.175,-2.2867,,Arp61,Arp61,61,,UGC 03104,04h36m40.28s,-02d17m25.6s,0.156,G,9739,,1.0,Sa,Sa,,,,,,10.591,0.047,3.87E-28,1.71E-29,1.063E-01,27%,1.06E-27,1.59E-28,2.983E-01,14%,2.98E-27,4.18E-28,,,,,,,,,48.40,,27,61
Arp63,2,144.82,32.31,but system to upper left looks a lot more interesting.,Arp63,Arp63,63,,NGC 2944,09h39m18.20s,+32d18m30.0s,0.048,GPair,6798,,,S,SB(s)c pec?,,,,,,,,,,,< 2.218E-01,,< 2.22E-27,1.412E+00,6%,1.41E-26,8.47E-28,,,,,7.37,,7.37E-29,,,,38,63
Arp64,2,221.3575,19.465,,Arp64,Arp64,64,,Arp064,14h45m24.90s,+19d28m14.0s,0.112,GTrpl,9405,,,,M51 Type,,,,,,,,,,,< 1.591E-01,,< 1.59E-27,3.812E-01,11%,3.81E-27,4.19E-28,,,,,,,,,,,13,64
Arp71,2,241.2825,17.7567,probably well-observed.,Arp71,Arp71,71,,NGC 6045,16h05m07.89s,+17d45m27.6s,0.127,G,9986,,1.17,SB(s)c,SB(s)c edge-on,,,,,,10.542,0.031,4.05E-28,1.17E-29,1.643E-01,16%,1.64E-27,2.04E-28,1.529E+00,6%,1.53E-26,9.17E-28,,,,,,,,,64.40,,136,71
Arp72,2,236.7225,17.8717,gorgeous; observations are mostly STIS and WFPC2...,Arp72,Arp72,72,,UGC 10033,15h46m56.10s,+17d52m42.0s,0.092,GPair,3299,,,SB+COMP,SB + 1 companion,,,,,,,,,,,,,,,,,,,,,,,,,,,,36,72
Arp78,1,29.835,19.0067,NGC772; good ACS,Arp78,Arp78,78,,NGC 0772,01h59m19.58s,+19d00m27.1s,0.199,G,2472,,7.2,SA(s)b         HII,SA(s)b,,,,,,,,,,5.914E-01,14%,5.91E-27,5.71E-28,4.969E+00,7%,4.97E-26,3.48E-27,70.0,3.3,7.00E-28,3.30E-29,,,,,,,325,78
Arp82,2,122.8075,25.2067,NGC2535,Arp82,Arp82,82,,Arp082,08h11m14.70s,+25d11m35.0s,0.118,GPair,4100,,,Mult pec,M51 Type,,,,,,,,,,,,,,,,,,,,,,,,,,,,37,82
Arp87,2,175.185,22.4283,Observations are mostly WFPC2,Arp87,Arp87,87,,NGC 3808,11h40m44.40s,+22d26m16.0s,0.071,GPair,7113,,,DBL SYS,pair,,,,,,,,,,,,,,,,,,,,,,,,,,,,67,87
Arp94,1,155.8625,19.8983,NGC 3226; https://www.google.com/url?sa=i&rct=j&q=&esrc=s&source=images&cd=&ved=0ahUKEwiF7MiJj9TYAhUM0GMKHZ4sAq8QjBwIBA&url=https%3A%2F%2Fupload.wikimedia.org%2Fwikipedia%2Fcommons%2Fb%2Fbb%2FNGC_3227_NGC_3226_Hubble_WikiSky.jpg&psig=AOvVaw11865vmjOJBK_mdt0UDD4K&ust=1515904652636651,Arp94,Arp94,94,,Arp094,10h23m28.80s,+19d52m54.0s,0.062,GPair,1123,,,Mult,M51 Type,,,,,,,,,,,,,,,,,,,,,,,,,,,,31,94
Arp95,2,218.7575,26.5433,distant.,Arp95,Arp95,95,,UGC 09384,14h35m01.89s,+26d32m18.8s,0.071,GPair,9230,,,DBL SYS,pair,,,,,,,,,,,< 5.445E-02,,< 5.44E-28,4.453E-01,9%,4.45E-27,4.01E-28,,,,,,,,,,,11,95
Arp96,2,105.7525,86.6033,Love the giant tails; but distant...,Arp96,Arp96,96,,Arp096,07h02m54.42s,+86d34m07.3s,0.410,GPair,,,,Multiple,M51 Type,,,,,,,,,,,,,,,,,,,,,,,,,,,,15,96
