Arp,Score,Notes,Unnamed: 1,ObjectName,Galactic Extinction,Object,cz,z,Basic-Data,Basic-Data.1,Galaxy Morphology,Activity Type,Kronap.AB,Kronap.AB.1,Kronap.AB.2,Kronap.AB.3,K_s_total,K_s_total.1,K_s_total.2,K_s_total.3,25micron,25micron.1,25micron.2,25micron.3,60micron,60micron.1,60micron.2,60micron.3,1.4GHz,1.4GHz.1,1.4GHz.2,1.4GHz.3,1.4GHz.4,1.4GHz.5,1.4GHz.6,1.4GHz.7,20.0K-magarcsec^-2,25.0B-magarcsec^-2,Unnamed: 40,Row2,RA,Dec
Arp-Madore0001-505,3,,ERROR: Input name not recognized by NED,,,,,,,,,,,,,,,,,,,,,,,,,,,,,,,,,,,,,134,1.1068,-50.6182
Arp-Madore0002-503,3,WFC3,,ESO 193- G 019,0.033,G,10377,,1.9,SB(r)c,SAB(rs)c? pec,,,,,,10.380,0.069,4.70E-28,3.08E-29,,,,,,,,,,,,,,,,,53.80,88.10,31,135,1.3596,-50.2682
Arp-Madore0003-362,3,distant but lots going on.,,ESO 349-IG 026,0.039,GTrpl,8657,,,,triple,,,,,,,,,,,,,,,,,,,,,,,,,,,,6,136,1.4948,-36.1366
Arp-Madore0003-414,3,,,ESO 293-IG 034,0.046,G,1512,,3.2,SB(s)cd pec sp,SB(s)cd pec edge-on,,,,,,9.422,0.034,1.14E-27,3.61E-29,,,,,,,,,,,,,,,,,163.20,190.55,54,137,1.5852,-41.4966
Arp-Madore0004-413,3,,ERROR: Input name not recognized by NED,,,,,,,,,,,,,,,,,,,,,,,,,,,,,,,,,,,,,138,1.7761,-41.3566
Arp-Madore0004-413,3,,ERROR: Input name not recognized by NED,,,,,,,,,,,,,,,,,,,,,,,,,,,,,,,,,,,,,139,1.7761,-41.3566
Arp-Madore0004-413,3,,ERROR: Input name not recognized by NED,,,,,,,,,,,,,,,,,,,,,,,,,,,,,,,,,,,,,138,1.7844,-41.3583
Arp-Madore0004-413,3,,ERROR: Input name not recognized by NED,,,,,,,,,,,,,,,,,,,,,,,,,,,,,,,,,,,,,139,1.7844,-41.3583
Arp-Madore0005-301,3,,,NGC 0007,0.039,G,1495,,2.2,SB(s)c? sp,SB(s)c? edge-on,,,,,,,,,,,< 1.083E-01,,< 1.08E-27,2.747E-01,17%,2.75E-27,4.67E-28,,,,,,,,,,154.88,55,140,2.0899,-29.915
Arp-Madore0012-573,3,,,ESO 111- G 022,0.026,G,9796,,1.3,(R)SA(r)b,(R)SA(r)b?,,,,,,11.021,0.055,2.60E-28,1.35E-29,,,,,,,,,,,,,,,,,44.00,46.77,23,141,3.8141,-57.247
Arp-Madore0028-230,4,"ESO 473- G 02, Vr=541 so close",,ESO 473- G 024,0.053,G,541,,1.1,IB(s)m,IB(s)m,,,,,,,,,,,,,,,,,,,,,,,,,,,49.55,49,1,7.8461,-22.764
Arp-Madore0033-253,3,"IC 1558, Vr=1551. HI. in S4G. In nearby galaxy catalog.",,IC 1558,0.045,G,1551,,3.4,SAB(s)m,SAB(s)m,,,,,,,,,,,< 1.889E-01,,< 1.89E-27,2.654E-01,18%,2.65E-27,4.78E-28,,,,,,,,,,160.32,59,142,8.9499,-25.3764
Arp-Madore0036-660,3,,,ESO 079-IG 004,0.052,GPair,,,,Double system,pair,,,,,,,,,,,< 6.205E-02,,< 6.20E-28,2.012E-01,15%,2.01E-27,3.02E-28,,,,,,,,,,,3,143,9.5939,-65.7935
Arp-Madore0038-634,3,pretty but not that disturbed. Could cut.,,ESO 079- G 005,0.056,G,1711,,2.2,(PR?)SB(r)cd:,SB(rs)d pec?,,15.5081,0.0284232,2.27E-29,5.95E-31,11.405,0.111,1.83E-28,1.97E-29,7.338E-02,30%,7.34E-28,2.81E-28,4.007E-01,10%,4.01E-27,4.01E-28,,,,,,,,,46.20,120.23,44,144,10.1611,-63.4406
Arp-Madore0044-521,4,,,ESO 194-IG 039,0.060,GPair,8231,,,I,S + S,H_alpha Emission-Line Galaxy,,,,,,,,,,,,,,,,,,,,,,,,,,,7,2,11.7692,-52.0521
Arp-Madore0051-272,3,,,ESO 474- G 040,0.042,G,29200,,1.1,Irr,Irr,,17.4015,0.0300830,3.98E-30,1.10E-31,,,,,,,,,,,,,,,,,,,,,,45.19,13,145,13.4912,-27.1456
Arp-Madore0052-321,3,,,AM 0052-321,0.060,GPair,,,,,interacting double,,,,,,,,,,,,,,,,,,,,,,,,,,,,5,146,13.7333,-32.0258
Arp-Madore0054-634,4,,,ESO 079-IG 013,0.061,GPair,11212,,,E(S0?)+S,SA(r)c pec,,,,,,,,,,8.518E-02,24%,8.52E-28,2.41E-28,6.562E-01,7%,6.56E-27,4.59E-28,,,,,,,,,,,15,3,14.1723,-63.4763
Arp-Madore0055-464,3,weird but small. could cut.,,ESO 243- G 017,0.039,G,8809,,0.85,SB(s)cd pec    NELG,SB(s)cd pec,,17.3118,0.0596871,4.32E-30,2.37E-31,12.216,0.112,8.66E-29,9.41E-30,,< 8.963E-02,,< 8.96E-28,5.836E-01,9%,5.84E-27,5.25E-28,,,,,,,,,29.80,49.55,12,147,14.4147,-46.4483
Arp-Madore0112-554,4,,,NGC 0454,0.063,GPair,3645,,,Pec,pec,,,,,,,,,,4.172E-01,9%,4.17E-27,1.92E-28,1.476E+00,12%,1.48E-26,1.77E-27,,,,,,,,,,,47,4,18.5922,-55.404
Arp-Madore0115-444,4,,,ESO 244- G 012,0.045,GPair,6866,,,Sb: pec        LINER,Sb? pec,,16.8952,0.0217211,6.34E-30,1.27E-31,,,,,1.864E+00,9%,1.86E-26,2.73E-28,7.840E+00,9%,7.84E-26,7.06E-27,,,,,,,,,,,66,5,19.5418,-44.4588
Arp-Madore0116-241,4,,,ESO 475- G 016,0.071,G,7040,,1.0,(R?)SB(r)ab,(R)SB(r)ab pec,,16.6308,0.0323600,8.09E-30,2.41E-31,,,,,2.352E-01,15%,2.35E-27,2.89E-28,2.221E+00,6%,2.22E-26,1.33E-27,23.4,1.1,2.34E-28,1.10E-29,,,,,,60.95,33,6,19.691,-23.9423
Arp-Madore0117-412,4,,,ESO 296-IG 011,0.047,GPair,5198,,,Irr,S?,,,,,,,,,,9.338E-02,29%,9.34E-28,2.53E-28,8.823E-01,7%,8.82E-27,6.18E-28,,,,,,,,,,62.37,40,7,19.9954,-41.2362
Arp-Madore0122-381,4,,,AM 0122-381,0.056,GPair,,,,INTERACTING,interacting double,,,,,,,,,,,,,,,,,,,,,,,,,,,,1,8,21.3037,-38.0684
Arp-Madore0133-393,3,Nice pair but not all that disturbed. Could cut.,,AM 0133-393,0.048,GPair,,,,,,,,,,,,,,,,,,,,,,,,,,,,,,,,,2,148,23.8737,-39.3848
Arp-Madore0134-373,4,NGC633; NICMOS only,,NGC 0633,0.043,G,5188,,1.3,(R')SAB:(rs)b  HII,SB(r)b?,,,,,,10.039,0.036,6.43E-28,2.17E-29,,,,,,,,,34.5,1.4,3.45E-28,1.40E-29,,,,,48.20,71.61,69,9,24.1003,-37.3286
Arp-Madore0135-650,4,,,NGC 0646,0.073,GPair,8047,,,SAB(s)c pec:,SAB(s)c pec?,,,,,,,,,,3.664E-01,12%,3.66E-27,2.28E-28,2.818E+00,12%,2.82E-26,3.38E-27,,,,,,,,,,,21,10,24.3502,-64.8959
Arp-Madore0136-301,3,,,NGC 0642,0.045,G,5883,,2.0,SB(s)c,SB(s)c,,,,,,10.288,0.057,5.11E-28,2.76E-29,,< 2.428E-01,,< 2.43E-27,2.532E+00,7%,2.53E-26,1.77E-27,15.1,1.2,1.51E-28,1.20E-29,,,,,68.40,109.65,51,149,24.7781,-29.9149
Arp-Madore0136-433,4,,,AM 0136-433,0.052,GPair,,,,,S + S,,,,,,,,,,,,,,,,,,,,,,,,,,,,3,11,24.7686,-43.3599
Arp-Madore0137-281,3,,ERROR: Input name not recognized by NED,,,,,,,,,,,,,,,,,,,,,,,,,,,,,,,,,,,,,150,25.0033,-28.0337
Arp-Madore0138-261,4,,,ESO 476-IG 031,0.039,GPair,20296,,,Double system,pair,,,,,,,,,,,,,,,,,,,,,,,,,,,,6,12,25.2704,-26.0243
Arp-Madore0144-585,4,"ESO 114- G 007 , Vr=2214 km/s",,ESO 114- G 007,0.064,G,2214,,1.8,SB(s)m,SB(s)m,,,,,,,,,,,< 6.313E-02,,< 6.31E-28,4.220E-01,10%,4.22E-27,4.22E-28,,,,,,,,,,92.26,36,13,26.6196,-58.6705
Arp-Madore0144-585,4,"ESO 114- G 007 , Vr=2214 km/s",WARNING: Same object as in entry 13 - Arp-Madore0144-585,,,,,,,,,,,,,,,,,,,,,,,,,,,,,,,,,,,,,151,26.6196,-58.6705
Arp-Madore0144-585,3,"ESO 114- G 007 , Vr=2214 km/s",,ESO 114- G 007,0.064,G,2214,,1.8,SB(s)m,SB(s)m,,,,,,,,,,,< 6.313E-02,,< 6.31E-28,4.220E-01,10%,4.22E-27,4.22E-28,,,,,,,,,,92.26,36,13,26.6196,-58.6705
Arp-Madore0144-585,3,"ESO 114- G 007 , Vr=2214 km/s",WARNING: Same object as in entry 13 - Arp-Madore0144-585,,,,,,,,,,,,,,,,,,,,,,,,,,,,,,,,,,,,,151,26.6196,-58.6705
Arp-Madore0147-271,3,,,ESO 477- G 008,0.055,G,9052,,1.3,Sc             HII,S?,,16.5668,0.0345611,8.58E-30,2.73E-31,10.401,0.041,4.61E-28,1.77E-29,2.240E-01,14%,2.24E-27,2.62E-28,1.931E+00,5%,1.93E-26,9.65E-28,28.7,1.7,2.87E-28,1.70E-29,,,,,45.20,79.43,25,152,27.3796,-27.0804
Arp-Madore0154-441,3,,,ESO 245- G 010,0.036,G,5740,,2.4,Sb pec,Sb pec,,,,,,10.828,0.047,3.11E-28,1.38E-29,,< 1.784E-01,,< 1.78E-27,6.520E-01,8%,6.52E-27,5.22E-28,,,,,,,,,68.00,123.03,40,153,29.181,-43.9696
Arp-Madore0155-580,3,Weird but not super weird spiral. Could cut...,,NGC 0782,0.054,G,6098,,2.3,SB(r)b,SB(r)b,,,,,,9.145,0.042,1.47E-27,5.78E-29,1.939E-01,10%,1.94E-27,1.71E-28,1.766E+00,5%,1.77E-26,8.83E-28,,,,,,,,,98.20,149.62,54,154,29.4074,-57.7869
Arp-Madore0159-215,3,Distant. Could cut if needed.,,ESO 544- G 007,0.060,G,13161,,1.17,S?,S?,,,,,,10.520,0.047,4.13E-28,1.83E-29,,< 1.464E-01,,< 1.46E-27,3.110E-01,15%,3.11E-27,4.67E-28,3.7,0.5,3.70E-29,5.00E-30,,,,,44.40,66.83,18,155,30.5676,-21.7579
Arp-Madore0200-220,3,,WARNING: Same object as in entry 155 - Arp-Madore0159-215,,,,,,,,,,,,,,,,,,,,,,,,,,,,,,,,,,,,,156,30.5842,-21.7646
Arp-Madore0203-325,3,,,ESO 354- G 034,0.043,G,5903,,1.2,(R)SAB(l)0^+,(R)SAB0^+,,19.5132,0.157851,5.69E-31,8.26E-32,10.449,0.078,4.41E-28,3.28E-29,,,,,,,,,,,,,,,,,46.80,64.57,23,157,31.4353,-32.6784
Arp-Madore0211-732,3,"Check other imaging. If diffuse stuff not there, cut.",,ESO 030- G 011,0.106,G,8067,,1.7,(R')SA(s)ab?,(R')SA(s)ab?,,,> 20.6789,,> 1.94E-31,11.257,0.049,2.10E-28,9.67E-30,,,,,,,,,,,,,,,,,21.20,32.73,12,158,32.8924,-73.1626
Arp-Madore0218-321,3,,ERROR: Input name not recognized by NED,,,,,,,,,,,,,,,,,,,,,,,,,,,,,,,,,,,,,159,35.2573,-31.9435
Arp-Madore0223-245,3,,ERROR: Input name not recognized by NED,,,,,,,,,,,,,,,,,,,,,,,,,,,,,,,,,,,,,160,36.4895,-24.712
Arp-Madore0223-403,3,,,ESO 299-IG 001,0.039,GPair,5792,,,(cE0) + (Sa pec),pair,,,,,,,,,,3.808E-01,6%,3.81E-27,8.39E-29,3.909E+00,4%,3.91E-26,1.56E-27,,,,,,,,,,,13,161,36.3046,-40.4299
Arp-Madore0226-320,3,,,ESO 415- G 026,0.047,G,4604,,1.3,S0^0^: pec,S0^0? pec,,19.6311,0.183710,5.10E-31,8.63E-32,10.704,0.038,3.49E-28,1.24E-29,,,,,,,,,,,,,,,,,46.40,71.61,52,162,37.0822,-31.8804
Arp-Madore0227-264,3,,,ESO 479- G 009,0.049,G,4871,,0.91,Sb?,Sb?,,,,,,,,,,,< 1.563E-01,,< 1.56E-27,6.494E-01,14%,6.49E-27,9.09E-28,8.4,0.6,8.40E-29,6.00E-30,,,,,,63.10,14,163,37.3647,-26.5345
Arp-Madore0227-484,3,Probably not a collisional ring.,,ESO 198- G 013,0.052,G,5452,,1.7,(R)SA(r)ab,(R')SA(r)ab?,,,,,,11.003,0.047,2.65E-28,1.17E-29,,< 7.896E-02,,< 7.90E-28,1.790E-01,17%,1.79E-27,3.04E-28,,,,,,,,,32.60,96.61,25,164,37.321,-48.4912
Arp-Madore0230-524,3,"A little distant, but pretty disturbed.",ERROR: Input name not recognized by NED,,,,,,,,,,,,,,,,,,,,,,,,,,,,,,,,,,,,,165,38.0918,-52.5119
Arp-Madore0230-524,3,"A little distant, but pretty disturbed.",ERROR: Input name not recognized by NED,,,,,,,,,,,,,,,,,,,,,,,,,,,,,,,,,,,,,166,38.0918,-52.5119
Arp-Madore0230-524,3,,ERROR: Input name not recognized by NED,,,,,,,,,,,,,,,,,,,,,,,,,,,,,,,,,,,,,165,38.1251,-52.4936
Arp-Madore0230-524,3,,ERROR: Input name not recognized by NED,,,,,,,,,,,,,,,,,,,,,,,,,,,,,,,,,,,,,166,38.1251,-52.4936
Arp-Madore0239-242,3,,,ESO 479- G 025,0.061,G,1545,,1.6,S.../Irr       HII,S with extended material / Irr,,16.5107,0.0294127,9.03E-30,2.45E-31,,,,,,< 9.573E-02,,< 9.57E-28,6.823E-01,7%,6.82E-27,4.78E-28,4.5,0.6,4.50E-29,6.00E-30,,,,,,109.65,34,167,40.5221,-24.1308
Arp-Madore0257-370,3,Could cut. Would  be better served by deep ground based...,,AM 0257-370,0.060,G,,,3.9,S0 pec,S0,,20.8680,0.308732,1.63E-31,4.64E-32,10.942,0.075,2.80E-28,2.00E-29,,,,,,,,,,,,,,,,,27.20,,5,168,44.9885,-36.9422
Arp-Madore0300-222,3,,,Arp108,0.064,GPair,,,,E+S,M51 Type,,,,,,,,,,,< 1.491E-01,,< 1.49E-27,3.894E-01,9%,3.89E-27,3.50E-28,,,,,,,,,,,8,169,45.78,-22.2132
Arp-Madore0307-411,3,"ESO 300- G 014, Vr=955 km/s, in S4G; obs is only FOC",,ESO 300- G 014,0.044,G,955,,5.0,SAB:(s)dm,SAB(s)m,,,,,,,,,,,,,,,,,,,,,,,,,,,218.78,55,170,47.4081,-41.0324
Arp-Madore0311-252,3,"UGCA 061, Vr=1733km/s, in S4G. HI",,UGCA 061,0.045,G,1733,,4.0,SB(s)m: sp,SB(s)m? edge-on,,,,,,,,,,,< 1.041E-01,,< 1.04E-27,1.866E-01,20%,1.87E-27,3.73E-28,,,,,,,,,,186.21,57,171,48.4177,-25.1859
Arp-Madore0311-573,3,"ESO 116- G 012. Vr=1146, HRC, FOS, single WFPC2. Check. in S4G",,ESO 116- G 012,0.061,G,1146,,3.5,SB(s)m,SB(s)d?,,,,,,10.071,0.082,6.25E-28,4.90E-29,,< 1.353E-01,,< 1.35E-27,1.020E+00,6%,1.02E-26,6.12E-28,,,,,,,,,77.60,192.75,65,172,48.2661,-57.3424
Arp-Madore0313-545,4,,,IC 1908,0.047,G,8295,,1.3,SB(rs)b pec,SB(rs)b pec,,,,,,,,,,2.831E-01,7%,2.83E-27,5.26E-29,3.440E+00,4%,3.44E-26,1.38E-27,,,,,,,,,,,21,14,48.7642,-54.8125
Arp-Madore0316-235,3,Vr=1538. Pretty weird but don't know if too LSB for obs to be useful...,,UGCA 065,0.059,G,1538,,2.0,IB(s)m,IB(s)m,,,,,,,,,,,,,,,,,,,,,,,,,,,41.21,29,173,49.6845,-23.7838
Arp-Madore0316-543,3,Fairly distant. Could cut...,,AM 0316-543,0.071,GGroup,,,,,interacting double,,,,,,,,,,,,,,,,,,,,,,,,,,,,3,174,49.4244,-54.3799
Arp-Madore0322-374,3,WFPC2 606W only. Check.,,ESO 301-IG 011,0.066,G,1405,,1.4,SB?(r)cd? p (ring:),RING? pec,,,,,,11.364,0.047,1.90E-28,8.40E-30,9.747E-02,22%,9.75E-28,1.92E-28,5.662E-01,18%,5.66E-27,1.02E-27,,,,,,,,,60.80,79.43,35,175,50.9787,-37.5138
Arp-Madore0329-502,4,,,AM 0329-502,0.037,GPair,,,,INTERACTING,interacting double,,,,,,,,,,,,,,,,,,,,,,,,,,,,2,15,52.6779,-50.3071
Arp-Madore0335-244,3,Mostly STIS or WFPC2. Check.  Not the most extreme galaxy. Could cut.,,NGC 1385,0.055,G,1499,,3.4,SB(s)cd        HII,SB(s)cd,,13.4522,0.00662442,1.51E-28,9.21E-31,8.568,0.029,2.49E-27,6.75E-29,1.502E+00,4%,1.50E-26,3.38E-28,1.587E+01,4%,1.59E-25,6.35E-27,180.1,6.1,1.80E-27,6.10E-29,,,,,112.20,218.78,235,176,54.3707,-24.5034
Arp-Madore0338-224,3,"Could cut. Not that disturbed. But, possible inner starburst.",,NGC 1415,0.066,G,1585,,3.5,(R)SAB(s)0/a   HII,(R)SAB0/a(s),,,,,,8.290,0.018,3.22E-27,5.38E-29,5.338E-01,7%,5.34E-27,2.18E-28,5.268E+00,5%,5.27E-26,2.63E-27,26.0,1.2,2.60E-28,1.20E-29,,,,,127.80,188.36,126,177,55.2372,-22.5651
Arp-Madore0338-375,4,,,ESO 301-IG 022,0.041,GPair,,,,(Sb?pec)+(Sa?pec),Sc,,,,,,,,,,,< 9.970E-02,,< 9.97E-28,7.746E-01,7%,7.75E-27,5.42E-28,,,,,,,,,,,5,16,55.0221,-37.7861
Arp-Madore0346-222,4,,,ESO 549- G 024,0.124,G,12343,,1.5,Sb:            HII,Sb?,,19.4123,0.172094,6.24E-31,9.89E-32,10.981,0.052,2.70E-28,1.33E-29,,< 9.776E-02,,< 9.78E-28,1.192E+00,7%,1.19E-26,8.34E-28,15.6,0.7,1.56E-28,7.00E-30,,,,,43.80,64.57,18,17,57.2531,-22.2399
Arp-Madore0357-460,3,Horologium Dwarf Vr=898 km/s,,Horologium Dwarf,0.028,G,898,,2.2,IB(s)m,IB(s)m,,,,,,,,,,,,,,,,,,,,,,,,,,,51.29,43,178,59.8132,-45.8725
Arp-Madore0400-420,3,,,ESO 302- G 027,0.029,G,4441,,1.22,SAB(s)c pec,S?,,16.3899,0.0367619,1.01E-29,3.42E-31,14.484,0.288,1.07E-29,3.26E-30,,< 4.212E-02,,< 4.21E-28,1.701E-01,17%,1.70E-27,2.89E-28,,,,,,,,,10.00,78.52,30,179,60.4645,-41.9401
Arp-Madore0403-555,3,,,ESO 156- G 037,0.039,GPair,,,,Double system,pair,,,,,,,,,,,,,,,,,,,,,,,,,,,,5,180,61.0736,-55.7747
Arp-Madore0405-552,3,,,IC 2032,0.029,G,1068,,1.3,IAB(s)m pec:,IAB(s)m pec?,,,,,,,,,,,,,,,,,,,,,,,,,,,77.62,30,181,61.7689,-55.3243
Arp-Madore0409-563,3,Possible starburst but could cut.,,NGC 1536,0.060,G,1217,,2.0,SB(s)c pec:    HII,SB(s)c pec?,,,,,,9.863,0.089,7.56E-28,6.46E-29,6.707E-02,27%,6.71E-28,1.93E-28,4.746E-01,7%,4.75E-27,3.32E-28,,,,,,,,,87.00,136.46,100,182,62.7621,-56.4853
Arp-Madore0410-325,3,,,AM 0410-325,0.042,GPair,1085,,,INTERACTING,,,,,,,,,,,,,,,,,,,,,,,,,,,,,4,183,63.0136,-32.8676
Arp-Madore0410-330,3,,,NGC 1532,0.042,G,1040,,12.6,SB(s)b pec sp,SB(s)b pec edge-on,,,,,,,,,,,< 4.195E-01,,< 4.19E-27,4.276E+00,6%,4.28E-26,2.57E-27,22.1,2.5,2.21E-28,2.50E-29,,,,,,668.34,152,184,63.0218,-32.8793
Arp-Madore0413-283,3,,,NGC 1540,0.107,GPair,5484,,,(Sa?pec)+(Im?pec),pair?,,,,,,,,,,4.464E-01,6%,4.46E-27,5.76E-29,3.333E+00,4%,3.33E-26,1.33E-27,,,,,,,,,,28.84,18,185,63.7925,-28.4859
Arp-Madore0413-352,3,kind of small. Could cut.,,ESO 360- G 002,0.031,G,4293,,0.9,Sc,SB?,,,,,,,,,,,< 6.865E-02,,< 6.86E-28,1.701E-01,19%,1.70E-27,3.23E-28,,,,,,,,,,53.09,12,186,63.8799,-35.343
Arp-Madore0417-391,3,possibly a bit distant.,,ESO 303-IG 011,0.054,G,15165,,0.74,Irr      poss. LINER,with extended material,,,,,,,,,,,< 8.145E-02,,< 8.14E-28,2.758E-01,12%,2.76E-27,3.31E-28,3.7,0.6,3.70E-29,6.00E-30,,,,,,,19,187,64.9142,-39.1726
Arp-Madore0418-470,3,"Check other imaging. If diffuse stuff not there, cut.",,AM 0418-470,0.037,GTrpl,,,,,,,,,,,,,,,,< 7.237E-02,,< 7.24E-28,2.208E-01,14%,2.21E-27,3.09E-28,,,,,,,,,,,3,188,65.0744,-46.9401
Arp-Madore0421-404,3,,,NGC 1572,0.093,G,6111,,2.5,(R'_1)SB(l)a   HII,(R')SB(s)a?,,,,,,9.301,0.028,1.27E-27,3.32E-29,7.765E-01,6%,7.76E-27,1.39E-28,8.006E+00,5%,8.01E-26,4.00E-27,,,,,,,,,103.20,131.83,65,189,65.673,-40.6027
Arp-Madore0426-480,4,,,ESO 202- G 023,0.033,G,4947,,2.1,(PR?)SB(rl)    Sy2,pec,,,,,,9.471,0.040,1.09E-27,4.07E-29,1.963E-01,11%,1.96E-27,9.07E-29,1.869E+00,4%,1.87E-26,7.48E-28,,,,,,,,,103.20,105.93,49,18,66.9857,-47.927
Arp-Madore0427-273,4,"NGC 1592, Vr=944 km/s, lots of good ancillary data. (Not stellar)",,NGC 1592,0.104,G,944,,1.4,Pec,pec,,,,,,,,,,,< 5.655E-02,,< 5.65E-28,2.425E-01,16%,2.42E-27,3.88E-28,,,,,,,,,,,41,19,67.403,-27.4235
Arp-Madore0431-434,3,Not that extreme.  Could cut. The trails to the lower left are cool though.,,NGC 1616,0.045,G,4461,,1.8,S(rs?)bc:,SAB(rs)bc pec?,,,,,,9.677,0.039,8.98E-28,3.28E-29,1.754E-01,12%,1.75E-27,1.70E-28,1.622E+00,5%,1.62E-26,8.11E-28,,,,,,,,,89.80,103.51,36,190,68.1683,-43.7255
Arp-Madore0432-625,4,"AM 0432-625 , no redshift. showed up in a radio catalog. Ring is real. ",,AM 0432-625,0.072,G,,,1.3,(R)SA0^0,(R)SA0^0? pec,,,,,,12.549,0.117,6.37E-29,7.25E-30,,,,,,,,,,,,,,,,,16.40,,7,20,68.1396,-62.8643
Arp-Madore0445-572,4,,,ESO 158- G 003,0.028,G,975,,1.6,(R')SB(rs)m,SB(s)m pec,,,,,,,,,,,< 4.704E-02,,< 4.70E-28,3.124E-01,10%,3.12E-27,3.12E-28,,,,,,,,,,97.72,25,21,71.5738,-57.3431
Arp-Madore0447-595,3,Nicmos plus 1 filter WFPC2. Not all that disturbed. Could cut.,,NGC 1688,0.095,G,1228,,2.4,SB(rs)dm,SB(rs)d,,,,,,9.682,0.055,8.94E-28,4.64E-29,2.723E-01,7%,2.72E-27,8.51E-29,2.683E+00,5%,2.68E-26,1.34E-27,,,,,,,,,112.00,147.91,84,191,72.089,-59.7956
Arp-Madore0448-320,3,"Limited WPFC2. NGC 1679, Vr=1052 km/s, https://www.google.com/url?sa=i&rct=j&q=&esrc=s&source=images&cd=&ved=0ahUKEwjdq_GzqdHYAhUL3mMKHZizCHQQjBwIBA&url=https%3A%2F%2Fupload.wikimedia.org%2Fwikipedia%2Fcommons%2Fthumb%2F5%2F5f%2FNGC1679-hst-R814GB300.jpg%2F600px-NGC1679-hst-R814GB300.jpg&psig=AOvVaw2GBByFBmQPX_l1CsmvZckJ&ust=1515808630350189",,NGC 1679,0.060,G,1052,,2.7,SB(s)m,SB(s)m,,,,,,9.882,0.035,7.43E-28,2.44E-29,1.653E-01,13%,1.65E-27,9.46E-29,2.547E+00,9%,2.55E-26,2.29E-27,,,,,,,,,103.20,181.97,58,192,72.4749,-31.9617
Arp-Madore0453-372,3,a bit distant. Could cut.,,ESO 361- G 019,0.033,G,2324,,1.8,SBa? pec,SBa? pec,,,,,,,,,,1.276E-01,22%,1.28E-27,3.01E-28,6.103E-01,8%,6.10E-27,4.88E-28,3.6,0.5,3.60E-29,5.00E-30,,,,,,98.86,35,193,73.7159,-37.3226
Arp-Madore0454-561,3,,,ESO 158- G 015,0.035,G,1777,,1.3,Pec,pec,,,,,,,,,,,< 4.611E-02,,< 4.61E-28,2.709E-01,12%,2.71E-27,3.25E-28,,,,,,,,,,,21,194,73.9274,-56.2407
Arp-Madore0456-224,3,,,ESO 485- G 029,0.097,G,,,1.1:,S(r)...,S(r)c,,,,,,12.905,0.149,4.59E-29,6.75E-30,,,,,,,,,,,,,,,,,15.80,19.05,5,195,74.72,-22.6737
Arp-Madore0459-340,4,,,ESO 361-IG 025,0.056,G,5269,,1.4,S pec,S pec,,,,,,11.933,0.087,1.12E-28,9.38E-30,4.047E-01,5%,4.05E-27,6.00E-29,2.447E+00,4%,2.45E-26,9.79E-28,16.8,1.1,1.68E-28,1.10E-29,,,,,23.80,75.86,29,22,75.4211,-34.0321
Arp-Madore0503-380,3,Nice but not that disturbed. Could cut.,,NGC 1792,0.062,G,1211,,5.2,SA(rs)bc       HII,SA(rs)bc,,,,,,,,,,2.023E+00,5%,2.02E-26,7.69E-28,2.577E+01,4%,2.58E-25,1.03E-26,306.9,9.8,3.07E-27,9.80E-29,,,,,,327.34,217,196,76.3169,-37.9714
Arp-Madore0507-222,3,,,ESO 553- G 015,0.081,G,9749,,1.2,Sab,S?,,,,,,12.101,0.111,9.63E-29,1.04E-29,,< 7.731E-02,,< 7.73E-28,1.566E-01,27%,1.57E-27,4.23E-28,,,,,,,,,23.20,64.57,14,197,77.4832,-22.2967
Arp-Madore0507-630,3,,,ESO 085- G 047,0.071,G,1445,,1.7,SB(s)m,SB(s)m,,16.0152,0.0381417,1.43E-29,5.01E-31,,,,,,< 4.828E-02,,< 4.83E-28,2.240E-01,13%,2.24E-27,2.91E-28,,,,,,,,,,74.99,32,198,76.9328,-62.9901
Arp-Madore0510-260,3,Disturbed but not crazy. Could cut.,,ESO 486- G 034,0.073,G,10819,,1.3,Sb,Sb,,,,,,10.796,0.078,3.20E-28,2.39E-29,,< 5.998E-02,,< 6.00E-28,3.299E-01,10%,3.30E-27,3.30E-28,,,,,,,,,45.40,62.37,12,199,78.0865,-26.053
Arp-Madore0510-330,3,"UGCA 106, Vr=929 km/s, S4G. GALEX. Not intrinsically disturbed but good SF... Could cut.",,UGCA 106,0.060,G,929,,3.5,SAB(s)m,SAB(s)m,,,,,,,,,,,< 5.890E-02,,< 5.89E-28,3.176E-01,10%,3.18E-27,3.18E-28,,,,,,,,,,179.89,57,200,77.993,-32.9776
Arp-Madore0515-540,3,,,ESO 159- G 003,0.061,G,3994,,2.1,SB0^0^: pec,SB0^0? pec,,,,,,10.421,0.042,4.52E-28,1.78E-29,,,,,,,,,,,,,,,,,54.20,79.43,26,1,79.0251,-54.108
Arp-Madore0517-321,3,Not drastically disturbed. Could cut.,,NGC 1879,0.064,G,1240,,2.5,SB(s)m,SB(s)m,,,,,,,,,,,< 6.897E-02,,< 6.90E-28,3.775E-01,9%,3.78E-27,3.40E-28,3.0,0.6,3.00E-29,6.00E-30,,,,,,146.22,52,2,79.9516,-32.1436
Arp-Madore0519-611,3,Get both galaxies on...,,ESO 119-IG 054,0.096,G,4911,,1.3,(RL)SB(r)0^+,(R')SB0/a(r) pec,,18.8980,0.127535,1.00E-30,1.18E-31,10.419,0.066,4.53E-28,2.84E-29,,< 6.693E-02,,< 6.69E-28,3.169E-01,12%,3.17E-27,3.80E-28,,,,,,,,,61.80,78.52,20,3,80.0817,-61.2583
Arp-Madore0519-612,4,,,ESO 119-IG 055,0.097,G,4784,,1.8,SA(s)a: pec,SA(s)a? pec,,17.8572,0.0843252,2.61E-30,2.03E-31,9.970,0.037,6.85E-28,2.38E-29,,,,,,,,,,,,,,,,,41.60,90.16,14,23,80.0893,-61.295
Arp-Madore0520-390,3,,,ESO 305- G 021,0.075,G,15114,,1.02,SB:(r)ab: pec,S(r)c,,,,,,10.721,0.050,3.43E-28,1.62E-29,,,,,,,,,,,,,,,,,38.00,66.83,19,4,80.6633,-39.0688
Arp-Madore0526-393,3,,,ESO 306-IG 001,0.073,GPair,,,,(SB0?) + (Sa?),pair,,,,,,,,,,6.971E-02,24%,6.97E-28,1.68E-28,4.421E-01,8%,4.42E-27,3.54E-28,,,,,,,,,,,12,5,82.0084,-39.5769
Arp-Madore0537-292,3,,,ESO 424- G 005,0.085,G,3859,,1.5,Sb?,Sb?,,,,,,12.690,0.172,5.60E-29,9.61E-30,,< 4.035E-02,,< 4.03E-28,3.384E-01,11%,3.38E-27,3.72E-28,,,,,,,,,24.80,75.86,16,6,84.8386,-29.3738
Arp-Madore0541-294,4,,,ESO 424- G 010,0.072,GGroup,3842,,,S.../Irr,S with extended material / Irr,,,,,,,,,,,< 7.076E-02,,< 7.08E-28,5.742E-01,7%,5.74E-27,4.02E-28,4.2,0.6,4.20E-29,6.00E-30,,,,,,68.39,14,24,85.732,-29.7314
Arp-Madore0541-524,3,,,ESO 159- G 025,0.149,G,1100,,1.3,IB(s)m,IB(s)m,,,,,,,,,,,,,,,,,,,,,,,,,,,61.66,25,7,85.7717,-52.7088
Arp-Madore0545-453,4,,,ESO 253-IG 026,0.138,GPair,12441,,,Double system,pair,,,,,,,,,,1.104E-01,15%,1.10E-27,1.09E-28,9.847E-01,5%,9.85E-27,4.92E-28,,,,,,,,,,,9,25,86.7994,-45.4886
Arp-Madore0545-520,3,,,NGC 2101,0.151,G,1204,,1.9,IB(s)m pec,IB(s)m pec,,,,,,13.026,0.128,4.11E-29,5.14E-30,6.942E-02,27%,6.94E-28,2.19E-28,6.955E-01,7%,6.95E-27,4.87E-28,,,,,,,,,28.80,124.45,52,8,86.6003,-52.0894
Arp-Madore0547-330,4,,,ESO 363- G 031,0.097,G,10791,,0.6,(R_1?R'_2?)SA0/a,(R)SA0/a,,,,,,11.006,0.085,2.64E-28,2.15E-29,,,,,,,,,,,,,,,,,28.80,25.41,14,26,87.3762,-33.0628
Arp-Madore0547-474,3,Fairly distant Antennae analog...,,ESO 205-IG 003,0.186,GTrpl,15130,,,(Sa?)+(E)+(S0:),with extended material,,,,,,,,,,,,,,,,,,,,,,,,,,,,4,9,87.1012,-47.7368
Arp-Madore0557-765,3,Disturbed but not crazy. Could cut.,,IC 2160,0.242,G,4739,,2.0,(R':)SB(rs)bc,(R')SB(s)c pec?,,,,,,10.247,0.054,5.31E-28,2.71E-29,1.385E-01,12%,1.38E-27,1.08E-28,7.326E-01,6%,7.33E-27,4.40E-28,,,,,,,,,54.60,123.03,43,10,88.8792,-76.9226
Arp-Madore0558-335,3,,,IC 2153,0.111,GPair,2868,,,Pec,pec,,,,,,,,,,3.567E-01,7%,3.57E-27,7.12E-29,1.974E+00,5%,1.97E-26,9.87E-28,12.1,0.6,1.21E-28,6.00E-30,,,,,,,23,11,90.0158,-33.9206
Arp-Madore0608-333,4,,,AM 0608-333,0.098,GPair,14900,,,INTERACTING,interacting double,,,,,,,,,,,,,,,,,,,,,,,,,,,,4,27,92.4888,-33.6443
Arp-Madore0612-373,3,A bit smooth. Maybe hints of dust?,,ESO 307-IG 025,0.228,G,9721,,4.3,Pec+comp (long tail),with extended material,,,,,,10.303,0.037,5.04E-28,1.75E-29,,,,,,,,,,,,,,,,,49.80,66.07,23,12,93.4468,-37.6757
Arp-Madore0620-363,3,,,ESO 365- G 010,0.198,G,9310,,1.9,SA(s)b: pec,SA(s)b? pec,,,,,,10.898,0.048,2.92E-28,1.32E-29,,,,,,,,,,,,,,,,,36.60,102.33,18,13,95.4893,-36.5556
Arp-Madore0630-522,3,,,ESO 206- G 016,0.178,G,1191,,1.3,IAB(s)m,IAB(s)m,,,,,,,,,,,,,,,,,,,,,,,,,,,28.51,16,14,97.7863,-52.4237
Arp-Madore0642-801,3,"possibly a bit distant, but nice and messy.",,AM 0642-801,0.823,GPair,4777,,,(SA0?) + (SBd:),RING,,,,,,,,,,6.982E-02,18%,6.98E-28,1.26E-28,5.859E-01,7%,5.86E-27,4.10E-28,,,,,,,,,,,9,15,99.6873,-80.2475
Arp-Madore0643-462,4,,,ESO 255- G 018,0.223,G,12015,,1.2,S pec (Ring:),RING,,,,,,11.398,0.074,1.84E-28,1.30E-29,,,,,,,,,,,,,,,,,30.60,74.13,13,28,101.2617,-46.4485
Arp-Madore0658-590,3,,,ESO 122-IG 011,0.259,GPair,8262,,,(Sa?) + (Sa? pec),pair,,,,,,,,,,2.587E-01,9%,2.59E-27,1.16E-28,3.594E+00,5%,3.59E-26,1.80E-27,,,,,,,,,,60.95,13,16,104.7698,-59.1289
Arp-Madore0728-664,3,,,ESO 088- G 017,0.359,G,5197,,1.8,SAB(rs)bc,SAB(r)bc pec?,,,,,,9.362,0.027,1.20E-27,3.02E-29,2.503E-01,6%,2.50E-27,1.29E-28,2.352E+00,3%,2.35E-26,7.06E-28,,,,,,,,,84.00,113.50,32,17,112.2461,-66.8987
Arp-Madore0839-745,3,"ESO 036- G 006, Vr=1143., HI. In nearby galaxy catalog.",,ESO 036- G 006,0.356,G,1143,,3.2,SAB(rs)m,IAB(rs)m,,,,,,,,,,,,,,,,,,,,,,,,,,,130.32,22,18,129.6712,-75.1547
Arp-Madore0855-674,3,low latitude. Cut if needed.,,ESO 060- G 018,0.234,G,7116,,2.0,SB(s)bc pec,(R')SB(s)b,,,,,,9.901,0.071,7.30E-28,4.94E-29,,,,,,,,,,,,,,,,,77.00,107.15,14,19,134.0963,-67.8735
Arp-Madore0857-685,3,low latitude. Cut if needed.,,ESO 060- G 019,0.276,G,1443,,3.2,SB(s)d,SB(s)d,,,,,,10.248,0.076,5.31E-28,3.85E-29,5.809E-01,4%,5.81E-27,6.54E-29,2.626E+00,4%,2.63E-26,1.05E-27,,,,,,,,,70.80,216.27,44,20,134.3767,-69.0612
Arp-Madore0942-313,3,Companion is more interesting...,ERROR: Input name not recognized by NED,,,,,,,,,,,,,,,,,,,,,,,,,,,,,,,,,,,,,29,146.14,-31.7905
Arp-Madore0942-313,3,Companion is more interesting...,ERROR: Input name not recognized by NED,,,,,,,,,,,,,,,,,,,,,,,,,,,,,,,,,,,,,21,146.14,-31.7905
Arp-Madore0942-313,4,,ERROR: Input name not recognized by NED,,,,,,,,,,,,,,,,,,,,,,,,,,,,,,,,,,,,,29,146.19,-31.8273
Arp-Madore0942-313,4,,ERROR: Input name not recognized by NED,,,,,,,,,,,,,,,,,,,,,,,,,,,,,,,,,,,,,21,146.19,-31.8273
Arp-Madore0949-264,4,,,NGC 3037,0.250,G,887,,1.2,IBm            HII,IB(s)m,,,,,,11.123,0.097,2.37E-28,2.22E-29,,,,,,,,,3.9,0.6,3.90E-29,6.00E-30,,,,,59.40,82.22,34,30,147.8524,-27.0167
Arp-Madore0956-282,4,,,ESO 435- G 016,0.269,G,980,,1.7,I0? pec        HII,I0? pec,,,,,,10.170,0.071,5.70E-28,3.85E-29,,,,,,,,,6.9,1.3,6.90E-29,1.30E-29,,,,,57.40,123.03,43,31,149.6845,-28.623
Arp-Madore1010-445,3,,,AM 1010-445,0.507,GPair,,,,,,,,,,,,,,,,,,,,,,,,,,,,,,,,,1,22,153.134,-45.2362
Arp-Madore1021-282,3,pretty small though.  Could cut if needed.,,ESO 436-IG 015,0.161,GPair,8026,,,Double system,pair,,,,,,,,,,8.940E-01,7%,8.94E-27,1.09E-28,4.663E+00,6%,4.66E-26,2.80E-27,35.4,1.5,3.54E-28,1.50E-29,,,,,,,21,23,156.0658,-28.7306
Arp-Madore1023-292,3,,,ESO 436- G 019,0.159,G,9175,,1.2:,Sa:,Sa?,,,,,,11.444,0.059,1.76E-28,9.85E-30,,,,,,,,,,,,,,,,,27.60,68.39,15,24,156.4478,-29.6013
Arp-Madore1025-433,4,"NGC 3256, Vr=2804; https://www.google.com/url?sa=i&rct=j&q=&esrc=s&source=images&cd=&ved=0ahUKEwj_3-HgrNHYAhUCHGMKHUXBCN8QjBwIBA&url=http%3A%2F%2Fcdn.spacetelescope.org%2Farchives%2Fimages%2Fscreen%2Fheic0810ar.jpg&psig=AOvVaw2801C0wRIgwo0RphEbg_xH&ust=1515809545493342",,NGC 3256,0.334,G,2804,,3.8,Pec;merger;HII Sbrst,pec,H_alpha Emission-Line Galaxy,,,,,8.101,0.017,3.83E-27,6.05E-29,1.603E+01,6%,1.60E-25,1.94E-27,8.830E+01,6%,8.83E-25,5.30E-26,,,,,,,,,110.60,190.55,416,32,156.9684,-43.9057
Arp-Madore1029-343,3,"NGC3281; WFPC2 obs, no image on-line . Not highly disturbed. Could cut.",,NGC 3281,0.263,G,3200,,3.3,SAB(rs+)a      Sy2,SA(s)ab pec?,Sy 2,,,,,8.309,0.025,3.17E-27,7.37E-29,2.633E+00,7%,2.63E-26,6.23E-28,6.861E+00,7%,6.86E-26,4.80E-27,80.9,2.9,8.09E-28,2.90E-29,,,,,164.00,184.08,263,25,157.9673,-34.8543
Arp-Madore1032-315,3,,,ESO 436- G 040,0.246,G,4431,,1.3,(R')SB(rs)ab:  HII,(R')SB(rs)ab? pec,,18.0685,0.0618938,2.15E-30,1.23E-31,10.824,0.077,3.12E-28,2.29E-29,1.001E-01,34%,1.00E-27,4.28E-28,8.435E-01,8%,8.43E-27,6.75E-28,2.7,0.6,2.70E-29,6.00E-30,,,,,39.00,77.62,23,26,158.5845,-32.187
Arp-Madore1033-365,3,"ESO 375- G 071, Vr=956; HI, nearby galaxy catlog. Low latitude though.",,ESO 375- G 071,0.233,G,956,,3.0,IB(s)m,IB(s)m,,,,,,,,,,,,,,,,,,,,,,,,,,,146.22,21,27,159.0435,-37.2362
Arp-Madore1034-271,3,NGC 3312; None of the HST obs seem usable.,ERROR: Input name not recognized by NED,,,,,,,,,,,,,,,,,,,,,,,,,,,,,,,,,,,,,28,159.2596,-27.5682
Arp-Madore1036-272,3,,,ESO 501- G 065,0.177,G,4425,,1.5,SB(s)d: pec    HII,SB(s)d? pec,H_alpha Emission-Line Galaxy,,,,,11.284,0.082,2.04E-28,1.60E-29,1.604E-01,17%,1.60E-27,2.39E-28,1.280E+00,6%,1.28E-26,7.68E-28,25.1,1.6,2.51E-28,1.60E-29,,,,,46.60,82.22,44,29,159.6393,-27.7372
Arp-Madore1054-325,3,ESO 376-IG 027 (on right); Check HLA...only WFPC2,,AM 1054-325,0.261,GPair,,,,,S,,,,,,,,,,,< 1.684E-01,,< 1.68E-27,6.401E-01,11%,6.40E-27,7.04E-28,,,,,,,,,,,8,30,164.2698,-33.1576
Arp-Madore1055-391,3,"ESO 318- G 024, Vr=1000",,ESO 318- G 024,0.284,G,1000,,2.3,SB(s)m pec,SB(s)m pec,,,,,,,,,,,,,,,,,,,,,,,,,,,108.39,20,31,164.466,-39.4379
Arp-Madore1116-290,3,not the most highly disturbed. Could cut if needed.,,ESO 438- G 020,0.194,G,9117,,1.0,S?;LINER       HII,S?,,17.5648,0.0599939,3.42E-30,1.89E-31,10.715,0.059,3.45E-28,1.93E-29,,,,,,,,,14.4,1.0,1.44E-28,1.00E-29,,,,,34.40,65.31,36,32,169.7245,-29.4204
Arp-Madore1122-262,3,Not all that highly disturbed. Could be cut if needed.,,NGC 3673,0.154,G,1938,,3.6,SB(r)b         HII,SB(rs)b,,,,,,8.547,0.033,2.54E-27,7.84E-29,1.533E-01,24%,1.53E-27,3.09E-28,1.528E+00,9%,1.53E-26,1.37E-27,4.1,0.6,4.10E-29,6.00E-30,,,,,,206.54,89,33,171.3063,-26.74
Arp-Madore1124-272,4,,,ESO 503- G 017,0.171,G,10465,,1.3,S0:            LINER,Sc,,,,,,12.200,0.082,8.79E-29,6.90E-30,,,,,,,,,,,,,,,,,19.00,41.69,16,33,171.7189,-27.7053
Arp-Madore1125-285,3,1 WFPC2 606W. Check HLA/depth/coverage.,,ESO 439- G 010,0.179,G,7294,,1.2,Pec,pec edge-on,,,,,,11.262,0.089,2.09E-28,1.78E-29,,< 1.031E-01,,< 1.03E-27,2.742E-01,15%,2.74E-27,4.11E-28,,,,,,,,,44.40,67.61,23,34,171.8805,-29.1771
Arp-Madore1133-374,3,NGC 3749; Vr=2731 Inspect actual coverage in HLA...,,AM 1133-374,0.349,GPair,2731,,,,S,,,,,,,,,,,,,,,,,,,,,,,,,,,,6,35,173.9709,-38.0001
Arp-Madore1157-242,3,Could cut. ,,UGCA 261,0.177,G,1707,,1.7,IAB(s)m:,IAB(s)m?,,,,,,,,,,,< 8.606E-02,,< 8.61E-28,2.178E-01,22%,2.18E-27,4.79E-28,,,,,,,,,,80.35,27,36,180.1319,-24.7218
Arp-Madore1158-345,4,,,AM 1158-345,0.233,GPair,,,,INTERACTING,S + S,,,,,,,,,,,,,,,,,,,,,,,,,,,,4,34,180.2487,-35.1951
Arp-Madore1200-251,3,"ESO 505- G 007, Vr=1776; Coud be too LSB. Is that a star or a nucleus?",,ESO 505- G 007,0.225,G,1776,,2.4,IB(s)m,IB(s)m,,,,,,,,,,,,,,,,,,,,,,,,,,,28.51,25,37,180.8711,-25.4684
Arp-Madore1203-223,3,Could cut. ,,UGCA 270,0.139,G,1723,,2.9,SB(s)m pec:,SB(s)m pec?,,,,,,,,,,,< 1.239E-01,,< 1.24E-27,4.828E-01,20%,4.83E-27,9.66E-28,,,,,,,,,,184.08,40,38,181.5306,-22.85
Arp-Madore1203-275,3,cut if needed.,,AM 1203-275,0.197,GTrpl,,,,,,,,,,,,,,,,,,,,,,,,,,,,,,,,,1,39,181.6065,-28.1734
Arp-Madore1207-292,3,,,IC 0764,0.165,G,2132,,4.8,SA(s)c?        HII,SA(s)c?,,,,,,,,,,,< 1.526E-01,,< 1.53E-27,5.675E-01,9%,5.67E-27,5.11E-28,3.2,0.6,3.20E-29,6.00E-30,,,,,,239.88,83,40,182.5593,-29.7399
Arp-Madore1212-375,3,Cut if needed.,,ESO 321- G 016,0.266,G,3180,,2.6,SB(rl)bc:,SB(s)cd pec?,,16.9998,0.0297561,5.76E-30,1.58E-31,10.925,0.067,2.84E-28,1.81E-29,1.168E-01,36%,1.17E-27,3.64E-28,6.075E-01,9%,6.08E-27,5.47E-28,,,,,,,,,49.20,147.91,37,41,183.854,-38.1413
Arp-Madore1213-430,3,NGC 4219 likely starburst. Single filter 606W WFPC2 but could get another filter..: https://upload.wikimedia.org/wikipedia/commons/thumb/3/39/NGC_4219_hst_06359_G606.png/600px-NGC_4219_hst_06359_G606.png,,NGC 4219,0.360,G,1989,,4.3,SA(s)bc,SA(s)bc,,,,,,8.092,0.018,3.87E-27,6.46E-29,1.219E+00,7%,1.22E-26,4.30E-28,1.249E+01,7%,1.25E-25,8.74E-27,,,,,,,,,161.80,216.27,79,42,184.1079,-43.3129
Arp-Madore1214-255,3,,,VV 333,0.224,GPair,11822,,,Interacting pair,interacting double,,,,,,,,,,4.385E-01,14%,4.39E-27,1.91E-28,3.467E+00,10%,3.47E-26,3.47E-27,,,,,,,,,,,11,43,184.2416,-26.2111
Arp-Madore1223-385,3,,,AM 1223-385,0.248,GGroup,,,,,,,,,,,,,,,,,,,,,,,,,,,,,,,,,1,44,186.54,-39.1252
Arp-Madore1229-512,4,"ESO 218- G 008 , Vr=2617; DO SEPARATE HST PROGRAM ON THIS????",,ESO 218- G 008,0.506,G,2617,,3.25,SB?,SB?,,,,,,12.841,0.161,4.87E-29,7.79E-30,,,,,,,,,,,,,,,,,16.40,,19,35,187.9748,-51.7477
Arp-Madore1238-254,3,,,ESO 506-IG 035,0.194,GPair,16941,,,Double system,pair,,,,,,,,,,,,,,,,,,,,,,,,,,,53.70,6,45,190.2639,-25.9593
Arp-Madore1252-300,3,"Somewhat low latitude. Interesting dust feature on one, but merging ellipticals less dramatic...",,AM 1252-300,0.236,GPair,,,,,interacting double,,,,,,,,,,,,,,,,,,,,,,,,,,,,1,46,193.9079,-30.349
Arp-Madore1254-321,4,,,ESO 443- G 015,0.263,G,4818,,4.8,(S0/a:)+(S0)+(cE0:),Sa,,,> 19.5710,,> 5.39E-31,,,,,,,,,,,,,,,,,,,,,,90.16,19,36,194.2916,-32.5152
Arp-Madore1255-430,4,,,ESO 269-IG 020,0.265,G,8984,,1.7,Pec,pec,,19.1288,0.201300,8.10E-31,1.50E-31,10.729,0.051,3.41E-28,1.64E-29,,,,,,,,,,,,,,,,,42.40,74.13,25,37,194.5339,-43.325
Arp-Madore1256-433,3,a bit small/distant. Could cut.,ERROR: Input name not recognized by NED,,,,,,,,,,,,,,,,,,,,,,,,,,,,,,,,,,,,,47,194.7443,-43.8381
Arp-Madore1259-322,4,Part of previous one.,,AM 1259-322,0.212,GGroup,9324,,,Compact Group,,,,,,,,,,,,,,,,,,,,,,,,,,,,,23,38,195.5583,-32.762
Arp-Madore1259-323,4,Adjust center,ERROR: Input name not recognized by NED,,,,,,,,,,,,,,,,,,,,,,,,,,,,,,,,,,,,,39,195.5249,-32.7854
Arp-Madore1303-371,3,"A bit distant, but kinda crazy...",ERROR: Input name not recognized by NED,,,,,,,,,,,,,,,,,,,,,,,,,,,,,,,,,,,,,48,196.5334,-37.5841
Arp-Madore1307-235,3,"ESO 508- G 019, Vr=2925 km/s; in S4G. Has HI.  Could cut...",,ESO 508- G 019,0.354,G,2925,,1.7,SB(s)m,SB(s)m,,,,,,,,,,,< 1.762E-01,,< 1.76E-27,7.879E-01,9%,7.88E-27,7.09E-28,,,,,,,,,,91.20,54,49,197.469,-24.2411
Arp-Madore1307-425,3,,,ESO 269-IG 056,0.303,G,2143,,2.8,SB(s)m pec:,SB(s)m pec?,,16.7030,0.0376737,7.57E-30,2.62E-31,14.532,0.441,1.03E-29,5.14E-30,,,,,,,,,,,,,,,,,19.40,144.54,20,50,197.5007,-43.2111
Arp-Madore1307-461,3,low latitude so image may be confusing. Cut if needed.,,ESO 269- G 057,0.274,G,3106,,3.2,(R'_2)SAB(r)b,(R')SAB(r)ab,,16.5450,0.0693150,8.75E-30,5.59E-31,8.779,0.024,2.05E-27,4.59E-29,,,,,,,,,,,,,,,,,80.40,221.31,65,51,197.5183,-46.4361
Arp-Madore1315-350,3,,,NGC 5063,0.150,G,3222,,2.3,(R':)SA(r)a,(R')SA(rs)a,,,,,,9.336,0.054,1.23E-27,6.27E-29,,,,,,,,,,,,,,,,,66.00,113.50,21,52,199.6097,-35.3529
Arp-Madore1316-240,3,,,ESO 508- G 043,0.287,G,10145,,1.7:,Sb:            HII,Sb?,,,,,,10.184,0.130,5.63E-28,7.16E-29,,,,,,,,,,,,,,,,,89.20,80.35,14,53,199.7616,-24.4226
Arp-Madore1317-303,4,,,AM 1317-303,0.195,GPair,,,,INTERACTING,interacting double,,,,,,,,,,,,,,,,,,,,,,,,,,,,3,40,200.1134,-30.902
Arp-Madore1321-242,3,"UGCA 352, Vr=2042. Maybe cut -- too LSB?",,UGCA 352,0.187,G,2042,,1.6,IB(s)m,IB(s)m,,16.9630,0.0652500,5.95E-30,3.58E-31,,,,,,,,,,,,,,,,,,,,,,93.33,26,54,201.0189,-24.6605
Arp-Madore1324-294,3,,,UGCA 358,0.168,G,1898,,1.7,SB(s)dm:,SB(s)dm?,,,,,,,,,,,,,,,,,,,,,,,,,,,85.11,37,55,201.7534,-30.0742
Arp-Madore1324-375,3,Cut if needed.,,ESO 324- G 023,0.212,G,1440,,3.8,SB(s)d: sp,SB(s)d? edge-on,,15.1911,0.0173151,3.04E-29,4.85E-31,11.620,0.076,1.50E-28,1.09E-29,1.189E-01,26%,1.19E-27,1.59E-28,5.729E-01,9%,5.73E-27,5.16E-28,,,,,,,,,93.80,239.88,46,56,201.8664,-38.1874
Arp-Madore1325-271,3,A bit distant. cut if needed.Could also be chance superposition.,,ESO 509- G 026,0.149,G,1836,,1.3,SAB(s)m,SAB(s)m,,,,,,,,,,,,,,,,,,,,,,,,,,,57.54,33,57,202.0901,-27.567
Arp-Madore1325-292,4,,,AM 1325-292,0.156,GPair,4376,,,INTERACTING,interacting double,,,,,,,,,,,,,,,,,,,,,,,,,,,,6,41,201.9612,-29.6189
Arp-Madore1332-331,4,,,NGC 5215,0.154,GPair,,,,,interacting double,,,,,,,,,,,,,,,,,,,,,,,,,,,,8,42,203.7844,-33.4822
Arp-Madore1342-413,4,ESO 325- G?011  Vr=545,,ESO 325- G?011,0.241,G,545,,2.7,IB(s)m,IB(s)m,,,,,,,,,,,,,,,,,,,,,,,,,,,162.18,76,43,206.2491,-41.8572
Arp-Madore1349-273,4,"ESO 445- G 064 , Vr=4907. ",,ESO 445- G 064,0.198,G,4907,,1.4,(R_1R'_2)SB(l)0/a,(R)SB0/a(rs),,20.0999,0.327754,3.31E-31,1.00E-31,9.992,0.041,6.72E-28,2.59E-29,,,,,,,,,,,,,,,,,50.80,66.07,20,44,208.0881,-27.8915
Arp-Madore1351-263,3,Large but pretty smooth....,,AM 1351-263,0.186,GPair,,,,,interacting double,,,> 20.5190,,> 2.25E-31,,,,,,,,,,,,,,,,,,,,,,,2,58,208.5779,-26.8837
Arp-Madore1354-250,4,,,IC 4350,0.230,G,6200,,1.6,(R:)SAB(r)0/a  HII,(R')SA0^+(r) pec?,,,,,,9.285,0.025,1.29E-27,3.00E-29,,< 1.574E-01,,< 1.57E-27,3.565E-01,13%,3.56E-27,4.64E-28,,,,,,,,,81.00,112.20,36,45,209.3081,-25.247
Arp-Madore1356-332,3,a bit distant but should be pretty...,,ESO 384-IG 025,0.203,GPair,3729,,,(Sb:pec)+(Sa?pec),pair?,,,,,,,,,,,,,,,,,,,,,,,,,,,,6,59,209.9444,-33.6805
Arp-Madore1401-243,3,Only 1 filter of WFPC2. Could cut -- lower priority.,ERROR: Input name not recognized by NED,,,,,,,,,,,,,,,,,,,,,,,,,,,,,,,,,,,,,60,211.1563,-24.8292
Arp-Madore1401-243,3,Only 1 filter of WFPC2. Could cut -- lower priority.,ERROR: Input name not recognized by NED,,,,,,,,,,,,,,,,,,,,,,,,,,,,,,,,,,,,,61,211.1563,-24.8292
Arp-Madore1401-243,3,UGCA 383 (Vr=2337 km/s; part of previous one UGCA 382...Double nucleus or is that dust (looks more single in 2MASS...???,ERROR: Input name not recognized by NED,,,,,,,,,,,,,,,,,,,,,,,,,,,,,,,,,,,,,60,211.1939,-24.8274
Arp-Madore1401-243,3,UGCA 383 (Vr=2337 km/s; part of previous one UGCA 382...Double nucleus or is that dust (looks more single in 2MASS...???,ERROR: Input name not recognized by NED,,,,,,,,,,,,,,,,,,,,,,,,,,,,,,,,,,,,,61,211.1939,-24.8274
Arp-Madore1401-252,3,"disrupting outer loop. Could be interesting, but could cut if needed.",,ESO 510- G 056,0.195,G,6215,,1.5,SA(r)ab,SA(rs)ab,,,,,,10.078,0.060,6.21E-28,3.53E-29,,,,,,,,,,,,,,,,,54.80,92.26,25,62,211.0669,-25.6411
Arp-Madore1419-263,3,Kinda far looking. Check redshift and cut if needed.,,ESO 511-IG 035,0.186,G,6758,,1.9,SB(s)0^0^? pec,SB0^0(s)? pec,,19.6645,0.355606,4.95E-31,1.62E-31,9.870,0.040,7.52E-28,2.82E-29,,,,,,,,,,,,,,,,,66.20,84.14,25,63,215.5257,-26.8593
Arp-Madore1421-282,3,,,AM 1421-282,0.212,GTrpl,,,,,,,,> 20.8433,,> 1.67E-31,,,,,,,,,,,,,,,,,,,,,,,2,64,215.979,-28.6847
Arp-Madore1426-224,3,unusual structure for edge on. Could cut.,,ESO 511- G 044,0.265,G,7752,,1.4,SBb            HII,SBb,,,,,,10.666,0.044,3.61E-28,1.49E-29,1.867E-01,23%,1.87E-27,3.58E-28,1.276E+00,9%,1.28E-26,1.15E-27,10.4,1.6,1.04E-28,1.60E-29,,,,,66.60,73.28,22,65,217.3445,-22.9307
Arp-Madore1440-241,4,,,AM 1440-241,0.312,GPair,,,,,interacting double,,,,,,,,,,,< 2.460E-01,,< 2.46E-27,9.796E-01,7%,9.80E-27,6.86E-28,,,,,,,,,,,4,46,220.8893,-24.4633
Arp-Madore1517-311,3,a bit distant. could cut. ,,ESO 449- G 005,0.541,G,5644,,2.7:,Sa:            HII,Sa?,,16.8668,0.0450511,6.51E-30,2.70E-31,9.971,0.049,6.85E-28,3.16E-29,3.596E-01,14%,3.60E-27,3.30E-28,2.601E+00,6%,2.60E-26,1.56E-27,18.2,0.7,1.82E-28,7.00E-30,,,,,52.40,,25,66,230.0742,-31.4268
Arp-Madore1546-284,3,"Low latitude so a bit hard to interpret, but nifty",,AM 1546-284,0.676,GPair,,,,,,,,,,,,,,,,,,,,,,,,,,,,,,,,,1,67,237.3317,-28.9069
Arp-Madore1806-852,4,Why has no one looked at this weird thing yet???,,AM 1806-852,0.466,GPair,2572,,,E+S(?),interacting double,,,,,,,,,,,,,,,,,,,,,,,,,,,,9,47,275.6705,-85.4074
Arp-Madore1822-714,3,low latitude. Cut if needed.,,IC 4705,0.272,G,3589,,2.0,SB(s)a? pec,SB(s)a? pec,,,,,,9.780,0.037,8.17E-28,2.83E-29,1.076E-01,21%,1.08E-27,1.73E-28,4.644E-01,10%,4.64E-27,4.64E-28,,,,,,,,,67.60,82.22,22,68,277.0618,-71.701
Arp-Madore1847-645,3,"Vr=1006 km/s.  Irregular but not disturbed, so cut if needed.",,NGC 6684A,0.221,G,1006,,3.0,IB(s)m,IB(s)m,,,,,,,,,,,,,,,,,,,,,,,,,,,149.62,23,69,283.0994,-64.8348
Arp-Madore1912-860,4,,,ESO 010- G 004,0.375,G,2435,,2.4,SB(rs)d,SB(s)dm,,,,,,,,,,5.051E-02,24%,5.05E-28,1.59E-28,3.045E-01,11%,3.04E-27,3.35E-28,,,,,,,,,,134.90,30,48,292.6274,-86.0162
Arp-Madore1914-603,4,,,VV 304,0.167,GPair,3783,,,,,,,,,,,,,,2.568E-01,8%,2.57E-27,2.12E-28,1.924E+00,7%,1.92E-26,1.35E-27,,,,,,,,,,,11,49,289.6525,-60.4972
Arp-Madore1931-610,3,Vr=1792 km/s,,IC 4869,0.224,G,1792,,1.9,SA(s)dm pec,SA(s)m,,,,,,12.195,0.128,8.83E-29,1.10E-29,,< 1.259E-01,,< 1.26E-27,5.887E-01,8%,5.89E-27,4.71E-28,,,,,,,,,32.20,104.71,22,70,294.0032,-61.0292
Arp-Madore1953-260,4,,,ESO 526- G 018,0.322,G,,,.9,Rings,with extended material,,,,,,,,,,,< 1.465E-01,,< 1.46E-27,3.313E-01,15%,3.31E-27,4.97E-28,5.4,0.5,5.40E-29,5.00E-30,,,,,,,8,50,299.1222,-25.9144
Arp-Madore1957-471,4,1 FOC observation,,NGC 6845,0.124,GGroup,6359,,,SB?,(triple / quadruple)?,,,,,,,,,,3.373E-01,10%,3.37E-27,1.79E-28,2.288E+00,9%,2.29E-26,2.06E-27,,,,,,,,,,,22,51,300.247,-47.0683
Arp-Madore1959-550,3,Could cut -- not that disturbed...,,IC 4933,0.127,G,4915,,2.3,SB(rs)bc,(R')SB(r)bc?,,,,,,9.699,0.040,8.80E-28,3.30E-29,3.977E-01,12%,3.98E-27,2.51E-28,3.761E+00,5%,3.76E-26,1.88E-27,,,,,,,,,88.60,118.85,36,71,300.8679,-54.9825
Arp-Madore2001-602,3,,,IC 4938,0.122,G,3741,,1.9,(R)SAB(rs)ab,(R)SB(s)ab?,,,,,,9.918,0.056,7.19E-28,3.81E-29,1.221E-01,26%,1.22E-27,3.14E-28,4.270E-01,11%,4.27E-27,4.70E-28,,,,,,,,,61.80,113.50,29,72,301.5547,-60.2131
Arp-Madore2019-442,3,A bit small.,,NGC 6902A,0.105,GPair,16650,,,Ring?,SB(s)m pec,,,,,,,,,,,,,,,,,,,,,,,,,,,77.62,21,73,305.7545,-44.2673
Arp-Madore2026-424,4,,,ESO 285- G 019,0.167,GPair,15564,,,(R)SA(r)?,S(r)c,,,,,,12.082,0.095,9.80E-29,8.96E-30,,,,,,,,,,,,,,,,,20.80,,10,52,307.3869,-42.5026
Arp-Madore2029-544,3,ESO 186- G 060 (Vr=3625) -- source on left in IC 5021 at similar Vr. ,ERROR: Input name not recognized by NED,,,,,,,,,,,,,,,,,,,,,,,,,,,,,,,,,,,,,74,308.3503,-54.534
Arp-Madore2029-544,3,ESO 186- G 060 (Vr=3625) -- source on left in IC 5021 at similar Vr. ,ERROR: Input name not recognized by NED,,,,,,,,,,,,,,,,,,,,,,,,,,,,,,,,,,,,,75,308.3503,-54.534
Arp-Madore2029-544,3,IC 5021 -- can get single pointing for this and previous one.,ERROR: Input name not recognized by NED,,,,,,,,,,,,,,,,,,,,,,,,,,,,,,,,,,,,,74,308.4,-54.5255
Arp-Madore2029-544,3,IC 5021 -- can get single pointing for this and previous one.,ERROR: Input name not recognized by NED,,,,,,,,,,,,,,,,,,,,,,,,,,,,,,,,,,,,,75,308.4,-54.5255
Arp-Madore2031-440,4,,,ESO 285-IG 035,0.113,G,8988,,1.3,Pec,pec,,,,,,11.029,0.063,2.58E-28,1.54E-29,4.593E-01,9%,4.59E-27,8.52E-29,4.337E+00,8%,4.34E-26,3.47E-27,,,,,,,,,41.00,61.66,20,53,308.6597,-43.8393
Arp-Madore2034-521,3,can we target companion as well?,,NGC 6935,0.095,G,4543,,2.0,(R)SA(r)a,(R')SA(r)a,,16.2771,0.0348543,1.12E-29,3.59E-31,8.884,0.030,1.86E-27,5.22E-29,1.442E-01,19%,1.44E-27,2.89E-28,7.436E-01,8%,7.44E-27,5.95E-28,,,,,,,,,85.20,124.45,67,76,309.5859,-52.1093
Arp-Madore2035-521,3,,,NGC 6937,0.097,G,4777,,2.3,(R':)SB(r)c,(R')SB(r)c?,,,,,,10.039,0.055,6.43E-28,3.34E-29,3.405E-01,10%,3.40E-27,2.06E-28,3.035E+00,5%,3.04E-26,1.52E-27,,,,,,,,,70.60,103.51,41,77,309.6899,-52.1406
Arp-Madore2038-323,3,Disturbed but not crazy. Could cut.,,NGC 6947,0.179,G,5592,,1.7,(R')SB(rs)b,(R')SB(rs)b,,,,,,9.995,0.046,6.70E-28,2.90E-29,,< 1.838E-01,,< 1.84E-27,3.852E-01,17%,3.85E-27,6.55E-28,,,,,,,,,81.80,,32,78,310.3105,-32.483
Arp-Madore2038-382,4,,,ESO 341-IG 004,0.120,G,6092,,1.9,S0+: pec; LINER?,S0^+? pec,,,,,,10.014,0.034,6.58E-28,2.09E-29,2.719E-01,15%,2.72E-27,1.78E-28,1.308E+00,6%,1.31E-26,7.85E-28,,,,,,,,,38.40,85.11,41,54,310.3094,-38.198
Arp-Madore2038-654,3,"IC 5028, Vr=1623. In nearby galaxy catalog.",,IC 5028,0.132,G,1623,,1.2,IAB(s)m?,IAB(s)m?,,,,,,,,,,,,,,,,,,,,,,,,,,,67.61,16,79,310.8122,-65.6467
Arp-Madore2040-295,4,Very unusual dust lane (spiral arm dragged out vertically?),,IC 5007,0.202,G,2720,,2.6,SAB(s)d        HII,SAB(s)d,,,,,,10.115,0.050,6.00E-28,2.83E-29,,< 2.192E-01,,< 2.19E-27,1.807E+00,6%,1.81E-26,1.08E-27,19.9,2.4,1.99E-28,2.40E-29,,,,,76.20,147.91,59,55,310.8911,-29.7058
Arp-Madore2042-382,3,Fairly smooth but good straight tidal arm,ERROR: Input name not recognized by NED,,,,,,,,,,,,,,,,,,,,,,,,,,,,,,,,,,,,,80,311.3691,-38.1741
Arp-Madore2048-571,3,Almost all imaging is in weird filters. Decent F606W w/ WFPC2 but then UV and NICMOS. Check.,,IC 5063,0.169,G,3402,,2.1,SA(s)0+:       Sy2,SA0^+(s)?,Sy 1 h,,,,,8.750,0.020,2.11E-27,3.92E-29,3.910E+00,5%,3.91E-26,5.33E-28,5.337E+00,10%,5.34E-26,5.34E-27,,,,,,,,,81.60,146.22,406,81,313.0004,-57.0685
Arp-Madore2051-410,3,,,ESO 341- G 021,0.132,G,12579,,1.12,(R'_1)SB(r)ab,(R')SB(r)ab,,,,,,,,,,2.249E-01,16%,2.25E-27,2.31E-28,1.126E+00,8%,1.13E-26,9.01E-28,,,,,,,,,,58.88,14,82,313.6249,-40.8127
Arp-Madore2055-541,4,AM 2055-541; line is real.,,AM 2055-541,0.134,GPair,,,,,interacting double,,,,,,,,,,,,,,,,,,,,,,,,,,,,2,56,314.7093,-54.1357
Arp-Madore2056-392,3,,,AM 2056-392,0.106,GTrpl,,,,,RING,,,,,,,,,,,,,,,,,,,,,,,,,,,,2,83,315.0327,-39.2994
Arp-Madore2100-393,3,"ESO 341- G 032, Vr=2762 km/s. In S4G",,ESO 341- G 032,0.109,G,2762,,1.5,SB(rs)m,SB(rs)m,,,,,,,,,,,< 2.357E-01,,< 2.36E-27,4.711E-01,15%,4.71E-27,7.07E-28,,,,,,,,,,97.72,35,84,315.8894,-39.4464
Arp-Madore2102-252,3,A bit small and distant..  But pretty. Cut if needed.,,ESO 529- G 020,0.196,G,11855,,1.0:,S...,Sc,,,,,,11.200,0.053,2.21E-28,1.10E-29,,< 2.546E-01,,< 2.55E-27,7.979E-01,7%,7.98E-27,5.58E-28,,,,,,,,,31.80,,13,85,316.4322,-25.2411
Arp-Madore2103-550,3,"ESO 187- G 05, Vr=1405. Has only 814W imaging.  Check if worth adding blue filter.",,ESO 187- G 051,0.093,G,1405,,1.9,SB(s)m,SB(s)m,,,,,,,,,,,,,,,,,,,,,,,,,,,81.28,38,86,316.8904,-54.9532
Arp-Madore2105-332,3,,,AM 2105-332,0.254,GPair,,,,,M51 Type,,,,,,,,,,,,,,,,,,,,,,,,,,,,4,87,317.029,-33.2409
Arp-Madore2105-632,3,1 ACS 606W filter in archive.  Check -- could add F814W or 475W,,IC 5084,0.104,G,3156,,1.6,SB(s)b? pec,SB(s)b? pec,,,,,,9.250,0.021,1.33E-27,2.60E-29,5.726E-01,6%,5.73E-27,1.13E-28,4.611E+00,5%,4.61E-26,2.30E-27,,,,,,,,,110.20,97.72,38,88,317.3004,-63.2837
Arp-Madore2106-374,3,,,ESO 342-IG 013,0.134,G,2614,,1.6,Pec            HII,pec,,,,,,10.854,0.063,3.04E-28,1.81E-29,,< 2.142E-01,,< 2.14E-27,1.188E+00,6%,1.19E-26,7.13E-28,10.3,1.1,1.03E-28,1.10E-29,,,,,83.20,100.00,44,89,317.5034,-37.501
Arp-Madore2113-341,4,,,ESO 402- G 021,0.265,G,8801,,1.3,SB(s)a? pec,SB(s)a? pec,,20.1772,0.223219,3.08E-31,6.34E-32,10.794,0.050,3.21E-28,1.51E-29,1.421E-01,27%,1.42E-27,3.80E-28,8.417E-01,8%,8.42E-27,6.73E-28,6.4,0.5,6.40E-29,5.00E-30,,,,,43.00,,18,57,319.2605,-33.9902
Arp-Madore2115-273,3,,,AM 2115-273,0.212,GPair,,,,Irr,Irr,,,,,,,,,,,,,,,,,,,,,,,,,,,,5,90,319.5894,-27.3508
Arp-Madore2126-601,4,,,IC 5110,0.086,G,8660,,1.4,SB(r:),Sc + compact,,17.2132,0.0435763,4.73E-30,1.90E-31,10.633,0.070,3.72E-28,2.48E-29,,,,,,,,,,,,,,,,,51.20,85.11,24,58,322.6752,-60.0033
Arp-Madore2128-302,4,"ESO 465- G 004, Vr=10037 km/s. in collisional ring catalog.  ",,AM 2128-302,0.112,GPair,,,,,RING,,,,,,,,,,,,,,,,,,,,,,,,,,,,3,59,322.7861,-30.271
Arp-Madore2128-430,4,Nicmos only,,NGC 7070A,0.085,G,2391,,1.9,(R')SB(l)0/a,I0,,18.9729,0.103118,9.35E-31,8.88E-32,9.310,0.026,1.26E-27,3.05E-29,,< 1.041E-01,,< 1.04E-27,2.264E-01,19%,2.26E-27,4.30E-28,,,,,,,,,91.80,127.35,64,60,322.9443,-42.8489
Arp-Madore2133-384,4,,,ESO 343-IG 013,0.111,GPair,5714,,,LIRG,pair?,,,,,,,,,,8.804E-01,6%,8.80E-27,1.68E-28,5.855E+00,7%,5.85E-26,4.10E-27,,,,,,,,,,,42,61,324.0436,-38.5424
Arp-Madore2134-471,4,,,ESO 287- G 040,0.078,G,9254,,1.2,Ring?,(R)SAB(r)bc pec?,,,,,,10.553,0.050,4.01E-28,1.89E-29,,< 1.306E-01,,< 1.31E-27,3.587E-01,14%,3.59E-27,5.02E-28,,,,,,,,,64.80,73.28,30,62,324.359,-47.0349
Arp-Madore2143-464,4,NGC 7119 Vr=9666 km/s Check if foreground extinction is too high?  (Ned suggests AV=0.053 so fine),,NGC 7119,0.053,GPair,9666,,,,S(s)c,,,,,,,,,,,,,,,,,,,,,,,,,,,,18,63,326.5632,-46.5187
Arp-Madore2143-464,4,(same as previous),,NGC 7119,0.053,GPair,9666,,,,S(s)c,,,,,,,,,,,,,,,,,,,,,,,,,,,,18,63,326.5715,-46.5187
Arp-Madore2143-464,4,(same as previous),WARNING: Same object as in entry 63 - Arp-Madore2143-464,,,,,,,,,,,,,,,,,,,,,,,,,,,,,,,,,,,,,64,326.5715,-46.5187
Arp-Madore2145-351,3,"For that much HST obs, it's not clear there's much useful imaging beyond 606. Check. https://www.google.com/url?sa=i&rct=j&q=&esrc=s&source=images&cd=&ved=0ahUKEwinmL-DiNTYAhVW02MKHdIwBxgQjBwIBA&url=https%3A%2F%2Fupload.wikimedia.org%2Fwikipedia%2Fcommons%2Fthumb%2F2%2F2e%2FNGC_7130_hst_05479_606.png%2F1200px-NGC_7130_hst_05479_606.png&psig=AOvVaw3nUJPCrGTjPDgBQI7WySDG&ust=1515902744435154",,AM 2145-351,0.078,GPair,,,,,interacting double,,,,,,,,,,,,,,,,,,,,,,,,,,,,3,91,327.0772,-34.9539
Arp-Madore2145-351,3,"For that much HST obs, it's not clear there's much useful imaging beyond 606. Check. https://www.google.com/url?sa=i&rct=j&q=&esrc=s&source=images&cd=&ved=0ahUKEwinmL-DiNTYAhVW02MKHdIwBxgQjBwIBA&url=https%3A%2F%2Fupload.wikimedia.org%2Fwikipedia%2Fcommons%2Fthumb%2F2%2F2e%2FNGC_7130_hst_05479_606.png%2F1200px-NGC_7130_hst_05479_606.png&psig=AOvVaw3nUJPCrGTjPDgBQI7WySDG&ust=1515902744435154",WARNING: Same object as in entry 91 - Arp-Madore2145-351,,,,,,,,,,,,,,,,,,,,,,,,,,,,,,,,,,,,,92,327.0772,-34.9539
Arp-Madore2145-351,3,see comments on previous,,AM 2145-351,0.078,GPair,,,,,interacting double,,,,,,,,,,,,,,,,,,,,,,,,,,,,3,91,327.0814,-34.9506
Arp-Madore2145-351,3,see comments on previous,WARNING: Same object as in entry 91 - Arp-Madore2145-351,,,,,,,,,,,,,,,,,,,,,,,,,,,,,,,,,,,,,92,327.0814,-34.9506
Arp-Madore2146-350,4,,,NGC 7135,0.078,G,2644,,3.0,SA0- pec       HII,SA0^- pec,AGN,,,,,8.852,0.024,1.92E-27,4.29E-29,,< 1.345E-01,,< 1.34E-27,2.180E-01,18%,2.18E-27,3.92E-28,5.9,0.5,5.90E-29,5.00E-30,,,,,102.20,179.89,94,65,327.4425,-34.8746
Arp-Madore2159-320,3,"NGC7172, one viable WFPC2 606W observation; Check. Could add second filter.",,NGC 7172,0.073,G,2603,,2.5,Sa pec sp;Sy2  HII,Sa pec edge-on,Sy 2,,,,,,,,,7.612E-01,7%,7.61E-27,3.06E-28,5.712E+00,6%,5.71E-26,3.43E-27,37.6,1.5,3.76E-28,1.50E-29,,,,,,164.06,399,93,330.4982,-31.8652
Arp-Madore2159-330,4,,,NGC 7187,0.094,G,2670,,1.4,(R)SAB(r)0^+,(R)SA0^+(r),,,,,,,,,,,< 1.479E-01,,< 1.48E-27,2.681E-01,26%,2.68E-27,6.97E-28,,,,,,,,,,72.44,38,66,330.68,-32.8031
Arp-Madore2159-541,3,"Vr=1708 km/s, so not that nearby...",,ESO 189- G 021,0.056,G,1708,,1.8,SAB(s)m,SB(s)m,,,,,,,,,,,,,,,,,,,,,,,,,,,69.98,12,94,330.6574,-54.0766
Arp-Madore2203-281,4,,,ESO 467- G 003,0.067,G,6999,,1.4,SAB(r)b,(R')SAB(r)bc pec?,,,,,,11.252,0.048,2.10E-28,9.51E-30,,< 9.211E-02,,< 9.21E-28,3.020E-01,20%,3.02E-27,6.04E-28,,,,,,,,,28.40,46.24,28,67,331.5498,-27.9593
Arp-Madore2204-311,4,,,NGC 7204,0.051,GPair,2590,,,S0/a pec:,S0/a pec?,,,,,,,,,,2.842E-01,12%,2.84E-27,1.60E-28,2.420E+00,4%,2.42E-26,9.68E-28,,,,,,,,,,60.26,27,68,331.7215,-31.0523
Arp-Madore2206-280,4,,,NGC 7214,0.053,G,6934,,2.2,SB(s)bc pec:   Sy1.2,SB(s)bc pec?,Sy 1.2,15.3819,0.0174488,2.55E-29,4.10E-31,9.332,0.034,1.23E-27,3.92E-29,3.730E-01,11%,3.73E-27,1.76E-28,1.920E+00,12%,1.92E-26,2.30E-27,29.2,1.6,2.92E-28,1.60E-29,,,,,71.40,139.64,125,69,332.2727,-27.8077
Arp-Madore2209-382,4,"distant, but gotta love those giant arcs.",ERROR: Input name not recognized by NED,,,,,,,,,,,,,,,,,,,,,,,,,,,,,,,,,,,,,70,333.187,-38.174
Arp-Madore2209-382,4,"distant, but gotta love those giant arcs.",ERROR: Input name not recognized by NED,,,,,,,,,,,,,,,,,,,,,,,,,,,,,,,,,,,,,71,333.187,-38.174
Arp-Madore2209-382,4,same as previous.,ERROR: Input name not recognized by NED,,,,,,,,,,,,,,,,,,,,,,,,,,,,,,,,,,,,,70,333.187,-38.174
Arp-Madore2209-382,4,same as previous.,ERROR: Input name not recognized by NED,,,,,,,,,,,,,,,,,,,,,,,,,,,,,,,,,,,,,71,333.187,-38.174
Arp-Madore2209-472,3,Disturbed but not crazy. Could cut.,,IC 5170,0.044,G,1618,,3.4,SB0^+,SABa? edge-on,,,,,,9.578,0.033,9.84E-28,3.04E-29,2.817E-01,11%,2.82E-27,1.67E-28,2.317E+00,6%,2.32E-26,1.39E-27,,,,,,,,,105.60,114.82,44,95,333.1209,-47.2225
Arp-Madore2210-262,4,,,NGC 7225,0.062,G,4853,,2.0,SA(s)0/a: pec,SA0/a?(s) pec,,,,,,,,,,2.382E-01,26%,2.38E-27,7.26E-28,2.812E+00,5%,2.81E-26,1.41E-27,19.3,1.1,1.93E-28,1.10E-29,,,,,,131.83,42,72,333.2824,-26.1487
Arp-Madore2210-274,3,"could cut. Not that disturbed. But, possible inner starburst.",,ESO 467- G 023,0.062,G,5269,,1.6,Sab pec:       HII,Sab pec?,,,,,,9.790,0.026,8.09E-28,1.96E-29,3.689E-01,11%,3.69E-27,3.14E-28,3.670E+00,5%,3.67E-26,1.83E-27,43.8,1.7,4.38E-28,1.70E-29,,,,,72.00,108.39,51,96,333.3778,-27.5568
Arp-Madore2210-693,3,"IC 5173, Vr=3107",,IC 5173,0.077,GPair,3107,,,(SBc:) + (S? pec),pair,,,,,,,,,,,,,,,,,,,,,,,,,,,,8,97,333.6806,-69.3614
Arp-Madore2213-370,4,only nicmos,,IC 5179,0.055,G,3422,,2.3,SA(rs)bc   HII;LIRG,SA(rs)bc,,,,,,8.621,0.017,2.37E-27,3.75E-29,2.219E+00,5%,2.22E-26,5.71E-28,1.898E+01,5%,1.90E-25,9.49E-27,169.7,6.3,1.70E-27,6.30E-29,,,,,126.40,133.35,280,73,334.042,-36.8437
Arp-Madore2220-423,3,vr=2421 km/s so not that close...,,ESO 289- G 026,0.054,G,2421,,1.9,SB(s)cd,SB(s)dm,,,,,,,,,,,< 6.947E-02,,< 6.95E-28,3.289E-01,12%,3.29E-27,3.95E-28,,,,,,,,,,101.16,42,98,335.8919,-42.2782
Arp-Madore2222-275,3,distant but messy.,,ESO 467-IG 056,0.050,GPair,,,,Double system,pair,,,,,,,,,,,< 3.075E-01,,< 3.07E-27,9.284E-01,8%,9.28E-27,7.43E-28,7.6,0.5,7.60E-29,5.00E-30,,,,,,,5,99,336.3671,-27.6939
Arp-Madore2224-310,3,,,ESO 467- G 062,0.041,G,4055,,1.0,Irr,Irr,,,,,,13.854,0.186,1.92E-29,3.58E-30,,,,,,,,,,,,,,,,,11.00,54.95,12,100,336.7245,-30.8866
Arp-Madore2225-250,4,,,Arp093,0.068,GPair,4633,,,SBa: p + S0 p,M51 Type,,,,,,,,,,,< 1.374E-01,,< 1.37E-27,3.762E-01,21%,3.76E-27,7.90E-28,,,,,,,,,,,20,74,337.1501,-24.8457
Arp-Madore2230-481,4,,,AM 2230-481,0.034,GPair,,,,,RING,,,,,,,,,,,,,,,,,,,,,,,,,,,,3,75,338.4319,-48.0234
Arp-Madore2240-892,3,"NGC 2573B, V4=2558",,NGC 2573B,0.399,G,2558,,1.7,IBm? pec,IBm? pec,,17.0836,0.0723998,5.33E-30,3.55E-31,12.115,0.127,9.51E-29,1.18E-29,,,,,,,,,,,,,,,,,31.60,67.61,16,101,346.8969,-89.1192
Arp-Madore2244-651,4,HST images is UV FOC.,,IC 5250,0.089,GPair,3148,,,S0 pec?,S0 pec?,,,,,,,,,,,,,,,,,,,,,,,,,,,,21,76,341.8369,-65.0644
Arp-Madore2254-373,3,WFPC2 but only in 606. Could get other one. https://www.google.com/url?sa=i&rct=j&q=&esrc=s&source=images&cd=&ved=0ahUKEwi08uiN4tLYAhVC02MKHXLOBZsQjBwIBA&url=https%3A%2F%2Fupload.wikimedia.org%2Fwikipedia%2Fcommons%2Fb%2Fb5%2FNGC_7421_hst_06359_606.png&psig=AOvVaw16FLNBtMCoSZHkcWIIalyA&ust=1515858228188649,,NGC 7421,0.040,G,1792,,2.0,SB(r)bc,SB(rs)bc,,,,,,9.247,0.042,1.33E-27,5.26E-29,,,,,,,,,,,,,,,,,117.60,139.64,98,102,344.2292,-37.3492
Arp-Madore2258-353,3,Not the most exciting. Could cut.,ERROR: Input name not recognized by NED,,,,,,,,,,,,,,,,,,,,,,,,,,,,,,,,,,,,,103,345.2009,-35.3729
Arp-Madore2258-595,3,,,ESO 147-IG 019,0.056,GPair,10007,,,(SBb:) + (Sa?),pair,,,,,,,,,,1.521E-01,15%,1.52E-27,1.35E-28,1.307E+00,9%,1.31E-26,1.18E-27,,,,,,,,,,,11,104,345.377,-59.636
Arp-Madore2259-692,3,Jets or disrupting satellite? Moderately distant...,,IC 5279,0.104,G,3901,,1.3,(PR?),Sa? pec,,18.3301,0.118691,1.69E-30,1.85E-31,10.762,0.047,3.31E-28,1.46E-29,,< 1.039E-01,,< 1.04E-27,4.667E-01,10%,4.67E-27,4.67E-28,,,,,,,,,51.00,59.57,20,105,345.7609,-69.2106
Arp-Madore2303-305,4,,,ESO 469- G 011,0.071,G,8504,,2.2,Pec            Sy2,pec,,,,,,10.610,0.039,3.80E-28,1.39E-29,3.514E-01,13%,3.51E-27,1.84E-28,2.913E+00,8%,2.91E-26,2.33E-27,24.4,0.9,2.44E-28,9.00E-30,,,,,46.00,79.43,34,77,346.4513,-30.6114
Arp-Madore2325-473,4,,,ESO 240- G 003,0.035,G,15238,,1.4,SB(rs)c,(R)SB(rs)c pec,,,,,,11.172,0.077,2.27E-28,1.67E-29,,< 8.097E-02,,< 8.10E-28,2.865E-01,14%,2.86E-27,4.01E-28,,,,,,,,,39.40,78.52,19,78,351.9559,-47.3812
Arp-Madore2339-661,4,,,AM 2339-661,0.074,GPair,10622,,,,SB(r),,,,,,,,,,1.613E-01,14%,1.61E-27,2.44E-28,1.336E+00,9%,1.34E-26,1.20E-27,,,,,,,,,,,7,79,355.634,-65.9558
Arp-Madore2339-661,4,,WARNING: Same object as in entry 79 - Arp-Madore2339-661,,,,,,,,,,,,,,,,,,,,,,,,,,,,,,,,,,,,,80,355.634,-65.9558
Arp-Madore2339-661,4,Duplicate of previous,,AM 2339-661,0.074,GPair,10622,,,,SB(r),,,,,,,,,,1.613E-01,14%,1.61E-27,2.44E-28,1.336E+00,9%,1.34E-26,1.20E-27,,,,,,,,,,,7,79,355.6711,-65.9458
Arp-Madore2339-661,4,Duplicate of previous,WARNING: Same object as in entry 79 - Arp-Madore2339-661,,,,,,,,,,,,,,,,,,,,,,,,,,,,,,,,,,,,,80,355.6711,-65.9458
Arp-Madore2346-380,3,Vr=648 km/s so pretty close,,ESO 348- G 009,0.036,G,648,,2.4,IBm,IB(s)m,,,,,,,,,,,,,,,,,,,,,,,,,,,,50,106,357.3478,-37.7736
Arp-Madore2348-405,4,(duplicate of previous),,NGC 7764,0.042,G,1697,,1.9,IB(s)m,IB(s)m,H_alpha Emission-Line Galaxy,,,,,10.306,0.060,5.03E-28,2.86E-29,,,,,,,,,,,,,,,,,78.00,113.50,64,81,357.7432,-40.7201
Arp-Madore2348-410,4,,WARNING: Same object as in entry 81 - Arp-Madore2348-405,,,,,,,,,,,,,,,,,,,,,,,,,,,,,,,,,,,,,82,357.7225,-40.7351
Arp-Madore2350-302,3,"ESO 471-IG 037, Vr=14493 so pretty distant. But, means scale of tails is huge.",,ESO 471-IG 037,0.052,GPair,,,,Double system,pair,,,,,,,,,,,< 1.377E-01,,< 1.38E-27,5.392E-01,11%,5.39E-27,5.93E-28,3.9,0.5,3.90E-29,5.00E-30,,,,,,,7,107,358.3297,-30.1534
Arp-Madore2350-410,3,NGC7764A -- Very little of the HST seems usable. Check! ,,NGC 7764A,0.039,GTrpl,9162,,,S pec,S pec,H_alpha Emission-Line Galaxy,,,,,,,,,,,,,,,,,,,,,,,,,,,22,108,358.3449,-40.8084
Arp-Madore2353-291,3,,,IC 5364,0.048,GPair,9054,,,E+S0/S,pair,,,,,,,,,,,,,,,,,,,,,,,,,,,,16,109,359.0982,-29.0266
Arp-Madore2353-815,3,Vr=1940 km/s; could cut -- basically just a loose Scd...,,ESO 012- G 010,0.368,G,1940,,3.1,SB(s)d,SB(s)dm,,,,,,,,,,,,,,,,,,,,,,,,,,,128.82,38,110,359.0747,-81.5716
Arp10,4,,,UGC 01775,0.107,G,9108,,1.5,S?,S?,,,,,,10.329,0.048,4.92E-28,2.23E-29,,< 1.942E-01,,< 1.94E-27,7.837E-01,7%,7.84E-27,5.49E-28,8.8,1.0,8.80E-29,1.00E-29,,,,,47.40,,56,83,34.61,5.6533
Arp100,3,,,,,,,,,,,,,,,,,,,,,,,,,,,,,,,,,,,,,,,,7.16,-11.5733
Arp106,3,,,,,,,,,,,,,,,,,,,,,,,,,,,,,,,,,,,,,,,,183.9,28.1767
Arp107,4,"Another ""Why the hell has no one ever observed this""?",,UGC 05984,0.079,GPair,9946,,,DBL SYS,pair,,,,,,,,,,,,,,,,,,,,,,,,,,,,35,84,163.0775,30.0667
Arp108,3,,,,,,,,,,,,,,,,,,,,,,,,,,,,,,,,,,,,,,,,45.7725,-22.2167
Arp11,3,,,,,,,,,,,,,,,,,,,,,,,,,,,,,,,,,,,,,,,,17.3475,14.3367
Arp110,3,,,,,,,,,,,,,,,,,,,,,,,,,,,,,,,,,,,,,,,,343.5375,-15.2367
Arp111,4,,,Arp111,0.039,GGroup,8094,,,,M51 Type,,,,,,,,,,,,,,,,,,,,,,,,,,,,10,85,210.42,33.8283
Arp112,4,,,Arp112,0.146,GPair,,,,Mult,M51 Type,,,,,,,,,,,< 9.198E-02,,< 9.20E-28,2.230E-01,19%,2.23E-27,4.24E-28,,,,,,,,,,,26,86,0.3625,31.4333
Arp113,4,,,NGC 0070,0.154,G,7167,,2.0,SA(rs)c        Sy2,SA(rs)c,Sy 2,,,,,9.665,0.046,9.08E-28,3.93E-29,,< 1.098E-01,,< 1.10E-27,3.172E-01,17%,3.17E-27,5.39E-28,17.1,2.9,1.71E-28,2.90E-29,,,,,63.00,,73,87,4.5925,30.08
Arp119,4,,,Arp119,0.087,GPair,,,,Sc+E,E + Sb,,,,,,,,,,,,,,,,,,,,,,,,,,,,22,88,19.85,12.4467
Arp12,3,Not that disturbed. Could cut.,,,,,,,,,,,,,,,,,,,,,,,,,,,,,,,,,,,,,,,128.8225,28.4733
Arp121,4,,,Arp121,0.122,GPair,5771,,,,,,21.5202,0.361319,8.95E-32,2.98E-32,,,,,,< 1.307E-01,,< 1.31E-27,3.213E-01,16%,3.21E-27,5.14E-28,,,,,,,,,,,13,89,14.8475,-4.8033
Arp122,3,Existing obs are only ACS-SBC,,,,,,,,,,,,,,,,,,,,,,,,,,,,,,,,,,,,,,,241.1125,17.75
Arp123,4,,,Arp123,0.416,GPair,2394,,,,,,,,,,,,,,3.026E-01,9%,3.03E-27,2.20E-28,3.312E+00,5%,3.31E-26,1.66E-27,96.4,3.6,9.64E-28,3.60E-29,,,,,,,17,90,80.635,-11.495
Arp125,3,,,,,,,,,,,,,,,,,,,,,,,,,,,,,,,,,,,,,,,,249.5575,41.93
Arp126,4,,,Arp126,0.071,GPair,5539,,,,Sa + Sc,,,,,,,,,,,,,,,,,,,,,,,,,,,,21,91,29.5225,3.1
Arp127,4,,,Arp127,0.097,GPair,,,,,,,,,,,,,,,,,,,,,,,,,,,,,,,,,7,92,9.7475,-9.0017
Arp129,3,a bit small...,,,,,,,,,,,,,,,,,,,,,,,,,,,,,,,,,,,,,,,144.8525,32.3617
Arp130,3,,,,,,,,,,,,,,,,,,,,,,,,,,,,,,,,,,,,,,,,0.6575,16.6433
Arp136,4,,,NGC 5820,0.053,G,3335,,1.7,S0,S0 edge-on,,19.3193,0.182976,6.80E-31,1.15E-31,9.142,0.016,1.47E-27,2.18E-29,,,,,,,,,,,,,,,,,81.60,,85,93,224.6675,53.8867
Arp138,4,Nice occultor,,NGC 4015,0.065,GPair,4368,,,DBL SYS,pair,,,,,,,,,,,< 9.068E-02,,< 9.07E-28,2.499E-01,17%,2.50E-27,4.25E-28,,,,,,,,,,,45,94,179.6775,25.0367
Arp141,4,,,UGC 03730,0.100,GPair,2709,,,,RING,,,,,,,,,,,< 7.656E-02,,< 7.66E-28,1.922E-01,19%,1.92E-27,3.65E-28,,,,,,,,,,,45,95,108.5875,73.48
Arp143,4,,,Arp143,0.140,GPair,4015,,,Mult pec,material emanating from an elliptical,,,,,,,,,,,,,,,,,,,,,,,,,,,,33,96,116.72,39.0317
Arp144,4,,,Arp144,0.086,GPair,5800,,,Mult pec,material emanating from an elliptical,,,,,,,,,,,,,,,,,,,,,,,,,,,,16,97,1.6125,-13.4167
Arp145,4,,,UGC 01840,0.139,G,5425,,1.5,Peculiar...loop,pec,,,,,,,,,,,,,,,,,,,,,,,,,,,,31,98,35.7825,41.37
Arp146,3,"distant and quite small, but really cool. Cut if needed.",,,,,,,,,,,,,,,,,,,,,,,,,,,,,,,,,,,,,,,1.685,-6.6367
Arp15,4,,,NGC 7393,0.100,G,3764,,1.9,SB(rs)c pec    HII,SB(rs)c pec,,,,,,9.710,0.035,8.71E-28,2.85E-29,,,,,,,,,25.9,1.6,2.59E-28,1.60E-29,,,,,65.20,,49,99,342.915,-5.5583
Arp150,3,,,,,,,,,,,,,,,,,,,,,,,,,,,,,,,,,,,,,,,,349.875,9.5083
Arp156,3,,,,,,,,,,,,,,,,,,,,,,,,,,,,,,,,,,,,,,,,160.6575,77.495
Arp158,4,,,NGC 0523,0.148,G,4758,,2.5,Pec,pec,,,,,,9.714,0.022,8.68E-28,1.78E-29,2.974E-01,13%,2.97E-27,1.83E-28,1.997E+00,9%,2.00E-26,1.80E-27,16.3,1.0,1.63E-28,1.00E-29,,,,,85.20,,113,100,21.3325,34.025
Arp159,3,Has WFPC2; Check quality,,,,,,,,,,,,,,,,,,,,,,,,,,,,,,,,,,,,,,,192.94,25.775
Arp163,3,"Most obs are STIS, FOC, NICMOS...",,,,,,,,,,,,,,,,,,,,,,,,,,,,,,,,,,,,,,,191.32,27.125
Arp164,3,all NICMOS,,,,,,,,,,,,,,,,,,,,,,,,,,,,,,,,,,,,,,,18.9875,5.1783
Arp165,3,all nicmos,,,,,,,,,,,,,,,,,,,,,,,,,,,,,,,,,,,,,,,114.1575,17.885
Arp166,3,could actually be sort of boring,,,,,,,,,,,,,,,,,,,,,,,,,,,,,,,,,,,,,,,29.385,33.21
Arp167,3,Another possibly boring one...,,,,,,,,,,,,,,,,,,,,,,,,,,,,,,,,,,,,,,,132.3425,19.075
Arp171,3,could be kinda dull.,,Arp171,0.091,GPair,,,,,diffuse counter-tails,,,,,,,,,,,,,,,,,,,,,,,,,,,,9,130,220.18,3.4533
Arp172,3,smooth.,,Arp172,0.120,GPair,,,,,diffuse counter-tails,,,,,,,,,,,,,,,,,,,,,,,,,,,,14,131,241.3875,17.6017
Arp173,3,,,Arp173,0.086,GPair,,,,,narrow counter-tails,,,,,,,,,,,,,,,,,,,,,,,,,,,,16,132,222.86,9.3283
Arp174,3,"NGC 3068; Only COS imaging, Vr=6256 km/s; Likely not that interesting? Could cut.",,NGC 3068,0.048,GPair,6409,,,,narrow counter-tails,,,,,,,,,,,,,,,,,,,,,,,,,,,,14,133,149.6675,28.8767
Arp175,3,Not that interesting. Could cut.,,Arp175,0.155,GTrpl,,,,,narrow counter-tails,,,,,,,,,,,,,,,,,,,,,,,,,,,,4,134,188.2175,11.4033
Arp176,4,,,NGC 4933,0.161,GTrpl,2965,,,S0p,S0_3 pec tides?,,,,,,,,,,,,,,,,,,,,,,,,,,,,18,101,195.9775,-11.5067
Arp18,4,Only NICMOS imaging! Ground based color image here: https://www.google.com/url?sa=i&rct=j&q=&esrc=s&source=images&cd=&ved=0ahUKEwiYhvb_idTYAhVW5WMKHbT7ASAQjBwIBA&url=http%3A%2F%2Fwww.deepskyforum.com%2Fattachment.php%3Fattachmentid%3D186%26d%3D1335722678&psig=AOvVaw1Bg0wqS5uccTKcCtom-QYz&ust=1515903201698869,,NGC 4088,0.054,G,757,,5.8,SAB(rs)bc      HII,SAB(rs)bc,,,,,,,,,,1.550E+00,5%,1.55E-26,4.42E-28,1.988E+01,5%,1.99E-25,9.94E-27,,,,,,,,,,,398,102,181.3975,50.5417
Arp180,4,,,Arp180,0.088,GPair,,,,,narrow filaments,,,,,,,,,,,,,,,,,,,,,,,,,,,,8,103,73.3425,-4.8017
Arp184,3,NGC1961; WFPC2 but most in non-useful filters. Check. ,,NGC 1961,0.340,G,3934,,4.6,SAB(rs)c  LIRG;LINER,SAB(rs)c,LINER,,,,,,,,,5.545E-01,7%,5.54E-27,3.86E-28,6.382E+00,6%,6.38E-26,3.83E-27,177.1,6.0,1.77E-27,6.00E-29,,,,,,,263,135,85.5175,69.38
Arp19,3,HST obs are mostly parallels -- may not have hit target. SDSS image: https://www.google.com/url?sa=i&rct=j&q=&esrc=s&source=images&cd=&ved=0ahUKEwifuryK5dLYAhUQ9GMKHZwNCxEQjBwIBA&url=http%3A%2F%2Fwww.galaxyzoo.org.s3.amazonaws.com%2Fsubjects%2Fstandard%2F1237679078055673871.jpg&psig=AOvVaw2_vsZaxhrWCJqKhuO7lyFD&ust=1515859012882249,,NGC 0145,0.110,G,4138,,1.8,SB(s)dm,SB(s)dm,,,,,,10.321,0.085,4.96E-28,4.04E-29,2.740E-01,16%,2.74E-27,2.20E-28,2.796E+00,7%,2.80E-26,1.96E-27,28.9,1.9,2.89E-28,1.90E-29,,,,,63.80,,52,136,7.9375,-5.1533
Arp190,3,,,UGC 02320,0.378,GPair,10377,,,,S,,,,,,,,,,,,,,,,,,,,,,,,,,,,21,137,42.5825,12.8883
Arp192,4,,,NGC 3303,0.075,GPair,6281,,,Pec,pec,,,,,,,,,,,,,,,,,,5.0,0.6,5.00E-29,6.00E-30,,,,,,,56,104,159.2475,18.1367
Arp195,4,,,UGC 04653,0.093,GTrpl,16748,,,Sy?,SB(s)b,,,,,,,,,,1.559E-01,26%,1.56E-27,2.92E-28,2.181E+00,5%,2.18E-26,1.09E-27,,,,,,,,,,,37,105,133.46,35.1433
Arp197,3,Do we believe tha blue stripe?  Less interesting if not real...,,UGC 06503,0.062,GPair,6143,,,SBb pec,SB(rs)dm pec,,,,,,,,,,,< 2.311E-01,,< 2.31E-27,7.460E-01,10%,7.46E-27,7.46E-28,,,,,,,,,,,26,138,172.7525,20.47
Arp198,4,,,UGC 06073,0.063,GPair,8832,,,DBL SYS,pair,,,,,,,,,,,,,,,,,,5.6,0.6,5.60E-29,6.00E-30,,,,,,,12,106,164.94,17.6483
Arp199,4,,,Arp199,0.038,GPair,3071,,,Mult,Sa + Sb,,,,,,,,,,8.367E-02,27%,8.37E-28,2.68E-28,6.483E-01,7%,6.48E-27,4.54E-28,,,,,,,,,,,25,107,214.26,36.5717
Arp2,4,"UGC 10310, Vr=716 km/s, in S4G",,UGC 10310,0.033,G,716,,2.8,SB(s)m,SB(s)m,,,,,,,,,,,< 6.536E-02,,< 6.54E-28,2.740E-01,11%,2.74E-27,3.01E-28,,,,,,,,,,,101,108,244.075,47.0467
Arp20,3,A bit small...,,UGC 03014,0.335,G,4214,,1.2,SB?,SB?,,,,,,11.671,0.127,1.43E-28,1.78E-29,,< 1.224E-01,,< 1.22E-27,7.790E-01,7%,7.79E-27,5.45E-28,9.1,1.3,9.10E-29,1.30E-29,,,,,52.40,,36,139,64.975,2.095
Arp200,4,,,NGC 1134,0.443,G,3640,,2.5,S?             HII,S?,,,,,,8.812,0.018,1.99E-27,3.33E-29,8.062E-01,7%,8.06E-27,3.65E-28,8.376E+00,6%,8.38E-26,5.03E-27,,,,,,,,,80.20,,110,109,43.4225,13.015
Arp202,3,,,Arp202,0.090,GPair,3167,,,,pair,,,,,,,,,,1.610E-01,23%,1.61E-27,1.78E-28,1.840E+00,5%,1.84E-26,9.20E-28,31.0,1.7,3.10E-28,1.70E-29,,,,,,,22,140,135.065,35.7267
Arp203,3,Interesting stuff might be too LSB?,,NGC 3712,0.068,G,1580,,1.7,SB?,SB?,,,,,,,,,,,,,,,,,,,,,,,,,,,,40,141,172.7875,28.5667
Arp204,4,,,UGC 08454,0.414,GPair,6298,,,DBL SYS,pair,,,,,,,,,,2.272E-01,7%,2.27E-27,4.98E-29,2.053E+00,4%,2.05E-26,8.21E-28,,,,,,,,,,,15,110,200.7075,84.5067
Arp205,3,lots of UV. Only narrow band optical. Check.,,NGC 3448,0.032,G,1350,,5.6,I0,I0,,,,,,,,,,5.755E-01,12%,5.75E-27,2.64E-28,5.865E+00,6%,5.86E-26,3.52E-27,52.5,2.2,5.25E-28,2.20E-29,,,,,,,201,142,163.6625,54.3067
Arp208,3,A bit distant .Cut if needed.,,Arp208,0.080,GPair,,,,,"triple, bridge",,,,,,,,,,9.188E-02,20%,9.19E-28,2.29E-28,5.883E-01,7%,5.88E-27,4.12E-28,,,,,,,,,,,7,143,252.7625,47.22
Arp21,3,a bit small,,Arp021,0.068,G,8677,,0.89,Spiral,three-armed spiral,,,,,,11.601,0.067,1.53E-28,9.71E-30,,< 1.647E-01,,< 1.65E-27,6.293E-01,13%,6.29E-27,8.18E-28,,,,,,,,,31.60,,44,144,166.245,30.0267
Arp214,3,NGC3718; Check HLA -- not sure if imaging is adequate. https://www.google.com/url?sa=i&rct=j&q=&esrc=s&source=images&cd=&ved=0ahUKEwj4vJy7k9TYAhVU-WMKHcviDmkQjBwIBA&url=http%3A%2F%2Fwww.spacetelescope.org%2Fstatic%2Farchives%2Ffitsimages%2Fscreen%2Famirreza_kamkar_05.jpg&psig=AOvVaw37Uavw0YvC_q_NPLArsJL0&ust=1515905835530738,,NGC 3718,0.039,G,993,,8.1,SB(s)a pec;Sy1 LINER,SB(s)a pec,LINER b,,,,,,,,,9.744E-02,32%,9.74E-28,5.39E-28,6.972E-01,10%,6.97E-27,6.97E-28,16.5,1.2,1.65E-28,1.20E-29,,,,,,,317,145,173.1475,53.0667
Arp216,3,"NGC7679; WFPC 606W only, and may target other galaxy.  Check",,Arp216,0.181,GPair,5024,,,,loops,,,,,,,,,,,,,,,,,,,,,,,,,,,,9,146,352.195,3.5117
Arp217,3,NGC3310; Most HST not useful. Check. Ground based: https://www.google.com/url?sa=i&rct=j&q=&esrc=s&source=images&cd=&ved=0ahUKEwijytnNldTYAhUG6mMKHZufAZYQjBwIBA&url=https%3A%2F%2Ffuturism.com%2Fwp-content%2Fuploads%2F2015%2F01%2FNGC-3310.jpg&psig=AOvVaw0tJeDidlYyatz8jt5cMUg4&ust=1515906388988961,,NGC 3310,0.062,G,993,,3.1,SAB(r)bc pec   HII,SAB(r)bc pec,H II,,,,,8.619,0.015,2.38E-27,3.31E-29,4.578E+00,8%,4.58E-26,9.07E-28,3.053E+01,8%,3.05E-25,2.44E-26,364.2,12.4,3.64E-27,1.24E-28,,,,,82.60,,631,147,159.6925,53.5017
Arp219,3,Need to check position and size....,,UGC 02812,0.220,GPair,10521,,,Interacting,SB + 1 companion,,,,,,,,,,,< 1.353E-01,,< 1.35E-27,6.387E-01,10%,6.39E-27,6.39E-28,7.7,1.2,7.70E-29,1.20E-29,,,,,,,20,148,54.925,-2.1133
Arp22,3,NGC4027; F814W imaging only. Could get second band. Found NNT image:  https://www.google.com/url?sa=i&rct=j&q=&esrc=s&source=images&cd=&ved=0ahUKEwjK3NypitTYAhUJ7mMKHQjECOUQjxwIAw&url=https%3A%2F%2Fde.wikipedia.org%2Fwiki%2FNGC_4027&psig=AOvVaw273sR6mJseQ8NCG3R0VAy_&ust=1515903379963791,,Arp022,0.115,GPair,1668,,,,one-armed spiral,,,,,,,,,,,,,,,,,,,,,,,,,,,,8,149,179.8775,-19.2633
Arp221,4,,,Arp221,0.104,GTrpl,,,,,amorphous spiral arms,,,,,,,,,,,,,,,,,,,,,,,,,,,,0,111,144.1,-11.3283
Arp222,3,NGC7727?; HST obs need to be checked. https://www.google.com/url?sa=i&rct=j&q=&esrc=s&source=images&cd=&ved=0ahUKEwis4fjmldTYAhVX_WMKHVRNAP8QjBwIBA&url=https%3A%2F%2Fupload.wikimedia.org%2Fwikipedia%2Fcommons%2Fthumb%2F1%2F12%2FNGC_7727_Hubble_WikiSky.jpg%2F1200px-NGC_7727_Hubble_WikiSky.jpg&psig=AOvVaw1D_FOB_KA6FT-n7Vbq5pxh&ust=1515906452560227,,NGC 7727,0.097,G,1868,,4.7,SAB(s)a pec,SAB(s)a pec,,,,,,,,,,,,,,,,,,,,,,,,,,,,167,150,354.975,-12.2917
Arp225,3,NGC2655; Check HLA -- not clear if imaging is useable.,,NGC 2655,0.086,G,1400,,4.9,SAB(s)0/a      Sy2,SAB0/a(s),LINER,,,,,,,,,2.106E-01,10%,2.11E-27,1.76E-28,1.673E+00,5%,1.67E-26,8.36E-28,123.5,3.7,1.24E-27,3.70E-29,,,,,,,264,151,133.9125,78.225
Arp231,3,,,IC 1575,0.132,G,5797,,0.8,S0+ pec,shells,,,,,,9.770,0.029,8.24E-28,2.23E-29,,,,,,,,,,,,,,,,,49.40,,21,152,10.89,-4.1183
Arp24,3,"Mostly STIS, some WFPC2 web images are fairly weak looking: https://www.google.com/url?sa=i&rct=j&q=&esrc=s&source=images&cd=&ved=0ahUKEwinnKXP5dLYAhVS_WMKHaxcAS0QjBwIBA&url=https%3A%2F%2Fupload.wikimedia.org%2Fwikipedia%2Fcommons%2Fthumb%2F2%2F21%2FNGC3445-HST-R814GB300-lin.jpg%2F250px-NGC3445-HST-R814GB300-lin.jpg&psig=AOvVaw0r7vMYbyvsvJLMobZevSr3&ust=1515859148075440",,Arp024,0.021,GPair,1984,,,,one-armed spiral,,,,,,,,,,,,,,,,,,,,,,,,,,,,16,153,163.6525,56.99
Arp241,3,fairly distant,,UGC 09425,0.035,GPair,10408,,,Sb,S?,,,,,,,,,,,,,,,,,,15.9,1.0,1.59E-28,1.00E-29,,,,,,,47,154,219.4625,30.4817
Arp248,3,,,Arp248,0.062,GTrpl,5276,,,"SB(s)b:,pec",appearance of fission,,,,,,,,,,,,,,,,,,,,,,,,,,,,21,155,176.6875,-3.8467
Arp249,3,,,UGC 12891,0.202,GPair,,,,DBL SYS,pair,,,,,,,,,,,,,,,,,,,,,,,,,,,,14,156,0.08,22.99
Arp251,3,,,Arp251,0.070,GTrpl,,,,,appearance of fission,,,,,,,,,,,< 1.235E-01,,< 1.24E-27,7.036E-01,10%,7.04E-27,7.04E-28,11.4,1.0,1.14E-28,1.00E-29,,,,,,,13,157,13.445,-13.8617
Arp253,4,,,Arp253,0.207,GPair,,,,,appearance of fission,,,,,,,,,,,< 1.554E-01,,< 1.55E-27,3.637E-01,12%,3.64E-27,4.36E-28,,,,,,,,,,,11,112,145.8525,-5.28
Arp255,3,Obs are only FOC or SBC,,UGC 05304,0.107,GPair,12308,,,,S?,,,,,,,,,,,,,,,,,,,,,,,,,,,,22,158,148.2875,7.88
Arp257,3,only obs were FOC,,UGC 04638,0.063,GPair,3322,,,DBL SYS,pair,,,,,,,,,,,,,,,,,,,,,,,,,,,,18,159,132.91,-2.3667
Arp258,3,,,Arp258,0.238,GGroup,4107,,,Compact Group,irregular clumps,,,,,,,,,,,,,,,,,,,,,,,,,,,,24,160,39.77,18.3933
Arp260,3,,,UGC 07230,0.103,GPair,7127,,,SB(s)d pec,SB(s)d pec,,,,,,,,,,,< 1.485E-01,,< 1.48E-27,5.081E-01,12%,5.08E-27,6.10E-28,,,,,,,,,,,59,161,183.4125,16.1217
Arp261,3,Check HLA.,,Arp261,0.315,GGroup,1846,,,,irregular clumps,,,,,,,,,,,< 3.438E-01,,< 3.44E-27,1.403E+00,6%,1.40E-26,8.42E-28,,,,,,,,,,,20,162,222.3775,-10.1733
Arp262,3,,,Arp262,0.098,G,,,,,irregular clumps,,,,,,,,,,,< 1.301E-01,,< 1.30E-27,3.219E-01,15%,3.22E-27,4.83E-28,,,,,,,,,,,13,163,359.1875,16.8117
Arp263,4,,,NGC 3239,0.088,G,753,,5.0,IB(s)m pec,IB(s)m pec,,,,,,10.715,0.040,3.45E-28,1.30E-29,2.893E-01,20%,2.89E-27,2.16E-28,3.421E+00,5%,3.42E-26,1.71E-27,,,,,,,,,92.80,,152,113,156.2725,17.16
Arp264,4,,,NGC 3104,0.035,G,600,,3.3,IAB(s)m        HII,IAB(s)m,,,,,,,,,,,< 1.407E-01,,< 1.41E-27,3.692E-01,11%,3.69E-27,4.06E-28,,,,,,,,,,,96,114,150.99,40.7567
Arp270,4,almost all obs are STIS or WFPC2. No press release image on web. Check.,,Arp270,0.068,GPair,1637,,,S(c)+Irr,connected pair,,,,,,,,,,7.889E-01,7%,7.89E-27,1.71E-28,8.306E+00,6%,8.31E-26,4.98E-27,,,,,,,,,,,69,115,162.4575,32.98
Arp275,4,,,NGC 2881,0.109,GPair,5100,,,,S?,,,,,,,,,,1.686E-01,16%,1.69E-27,1.73E-28,1.236E+00,6%,1.24E-26,7.42E-28,25.3,1.5,2.53E-28,1.50E-29,,,,,,,18,116,141.48,-11.9833
Arp276,3,Possible occultor. Not the most interesting...,,Arp276,0.522,GPair,4161,,,,interacting double,,,,,,,,,,,,,,,,,,,,,,,,,,,,20,164,37.045,19.6
Arp277,3,,,Arp277,0.093,GPair,930,,,Mult pec,interacting double,,,,,,,,,,,< 1.348E-01,,< 1.35E-27,5.971E-01,9%,5.97E-27,5.37E-28,,,,,,,,,,,20,165,193.7125,2.6533
Arp278,4,All obs are NICMOS. https://www.google.com/url?sa=i&rct=j&q=&esrc=s&source=images&cd=&ved=0ahUKEwifkYbQntHYAhUK52MKHZFnAWcQjBwIBA&url=https%3A%2F%2Fcseligman.com%2Ftext%2Fatlas%2Fngc7253.jpg&psig=AOvVaw2NuPVvorW05u777YIKE2eO&ust=1515805715151162,,NGC 7253,0.182,GPair,4718,,,SB?+S?,interacting double,,,,,,,,,,,,,,,,,,,,,,,,,,,,33,117,334.86,29.3983
Arp279,3,Not all that disturbed. Could cut.,,Arp279,0.246,GPair,1708,,,,interacting double,,,,,,,,,,,,,,,,,,,,,,,,,,,,8,166,48.5375,-2.8233
Arp28,3,Not that extreme.  Could cut.,,NGC 7678,0.134,G,3489,,2.17,SAB(rs)c;Sbrst Sy2,SAB(rs)c,H II,,,,,9.133,0.035,1.48E-27,4.85E-29,8.681E-01,8%,8.68E-27,3.26E-28,6.590E+00,12%,6.59E-26,7.91E-27,,,,,,,,,104.20,,215,167,352.115,22.4217
Arp282,4,,,Arp282,0.082,GPair,4831,,,,double galaxy with infall and attraction,,,,,,,,,,,< 4.983E-01,,< 4.98E-27,1.118E+00,7%,1.12E-26,7.83E-28,19.6,1.5,1.96E-28,1.50E-29,,,,,,,28,118,9.2175,23.9917
Arp287,4,"Check images... ""F475X"" -- not sure what the ""X"" is...",,Arp287,0.107,GPair,,,,,double galaxy with wind effects,,,,,,,,,,,< 1.791E-01,,< 1.79E-27,1.069E+00,5%,1.07E-26,5.34E-28,,,,,,,,,,,13,119,135.66,25.935
Arp288,3,One WFC3 275W image (weird choice). Get optical?,,Arp288,0.077,GTrpl,,,,,double galaxy with wind effects,,,,,,,,,,,,,,,,,,,,,,,,,,,,4,168,203.735,13.8317
Arp289,3,1 FOC image. ,,NGC 3981,0.109,G,1723,,5.2,SAB(s)bc pec,SA(rs)bc,,,,,,,,,,5.421E-01,11%,5.42E-27,4.49E-28,6.301E+00,8%,6.30E-26,5.04E-27,58.9,2.5,5.89E-28,2.50E-29,,,,,,197.24,112,169,179.03,-19.895
Arp290,4,,,Arp290,0.155,GPair,3509,,,,double galaxy with wind effects,,,,,,,,,,,,,,,,,,,,,,,,,,,,17,120,30.935,14.7083
Arp291,3,,,UGC 05832,0.103,G,1216,,1.51,SB?,SB?,,,,,,,,,,,< 2.018E-01,,< 2.02E-27,4.467E-01,10%,4.47E-27,4.47E-28,,,,,,,,,,,71,170,160.7025,13.46
Arp292,4,,,IC 0575,0.194,G,5973,,1.7,Sa pec sp,Sa pec edge-on,,,,,,9.514,0.030,1.04E-27,2.92E-29,,< 1.165E-01,,< 1.17E-27,2.716E-01,17%,2.72E-27,4.62E-28,9.4,1.1,9.40E-29,1.10E-29,,,,,72.00,,29,121,148.6375,-6.8567
Arp293,3,Only WFC3IR,,Arp293,0.047,GPair,5600,,,,double galaxy with wind effects,,,,,,,,,,,,,,,,,,,,,,,,,,,,18,171,254.63,58.9367
Arp294,3,Limited WFPC2 obs. Check. Could cut. https://www.google.com/url?sa=i&rct=j&q=&esrc=s&source=images&cd=&ved=0ahUKEwigi_fpntTYAhVQ62MKHUW3BKMQjBwIBA&url=https%3A%2F%2Fupload.wikimedia.org%2Fwikipedia%2Fcommons%2Fthumb%2Fc%2Fce%2FArp294-NGC3788-NGC3786-HST-606.jpg%2F768px-Arp294-NGC3788-NGC3786-HST-606.jpg&psig=AOvVaw0fgDZ3AO9Zn_gi_JxH98HH&ust=1515908853976059,,Arp294,0.065,GPair,2674,,,Double,double galaxy with long filaments,,,,,,,,,,,,,,,,,,,,,,,,,,,,20,172,174.9275,31.9083
Arp295,3,WFCP2 303W and 814W. Check.,,Arp295,0.107,GPair,6966,,,,double galaxy with long filaments,,,,,,,,,,,,,,,,,,,,,,,,,,,,21,173,355.45,-3.6767
Arp300,3,Mostly STIS or WFPC2,,Arp300,0.163,GGroup,3600,,,,galaxy with interacting companion,,,,,,,,,,,,,,,,,,,,,,,,,,,,13,174,142.01,68.4217
Arp301,3,,,Arp301,0.083,GPair,6173,,,,interacting double,,,,,,,,,,,,,,,,,,24.6,1.4,2.46E-28,1.40E-29,,,,,,,12,175,167.465,24.2617
Arp303,3,,,Arp303,0.135,GPair,6136,,,LIRG,interacting double,,,,,,,,,,,< 3.719E-01,,< 3.72E-27,3.030E+00,4%,3.03E-26,1.21E-27,,,,,,,,,,,35,176,146.585,3.045
Arp305,3,NGC 4016; Deep proprietary data but I think it's not pointed towards this. Check HLA,,Arp305,0.065,GPair,,,,,interacting double,,,,,,,,,,,,,,,,,,4.8,0.6,4.80E-29,6.00E-30,,,,,,,7,177,179.6225,27.5283
Arp309,3,,,Arp309,0.087,GPair,4695,,,,interacting double,,,,,,,,,,,< 8.727E-02,,< 8.73E-28,3.475E-01,13%,3.47E-27,4.52E-28,,,,,,,,,,,13,178,37.2925,-10.8367
Arp313,3,Mostly STIS. WFCP2 300W and 606W -- Check HLA.,,Arp313,0.060,GPair,3133,,,S?,interacting triple,,,,,,,,,,,< 4.189E-01,,< 4.19E-27,4.748E+00,7%,4.75E-26,3.32E-27,,,,,,,,,,,19,179,179.4025,32.2767
Arp314,4,,,Arp314,0.232,GTrpl,3684,,,"SB(rs)cd:,pec",interacting triple,,,,,,,,,,,,,,,,,,,,,,,,,,,,16,122,344.505,-3.7683
Arp318,3,NGC 0833/0838 ; Check HLA,,Arp318,0.070,GGroup,3957,,,Compact Group,interacting quartet,,,,,,,,,,,,,,,,,,,,,,,,,,,,93,180,32.335,-10.1333
Arp320,3,,,Arp320,0.084,GGroup,9114,,,Compact Group,interacting group,,,,,,,,,,,< 1.331E-01,,< 1.33E-27,4.618E-01,12%,4.62E-27,5.54E-28,,,,,,,,,,,56,181,174.465,21.9733
Arp321,4,,,Arp321,0.178,GGroup,6685,,,Compact Group,interacting quintet,,,,,,,,,,,,,,,,,,,,,,,,,,,,68,123,144.7225,-4.86
Arp322,3,But what's that big thing up above?,,Arp322,0.039,GGroup,8094,,,Compact Group,chain of galaxies,,,,,,,,,,,,,,,,,,,,,,,,,,,,47,182,173.1675,52.95
Arp323,3,Could be boring. Cut if needed.,,NGC 7783,0.118,GPair,,,,DBL SYS,pair,,,,,,,,,,,,,,,,,,,,,,,,,,,,17,183,358.5425,0.3833
Arp332,3,1 FOC observation,,Arp332,0.058,GGroup,,,,,chain of galaxies,,,,,,,,,,,,,,,,,,,,,,,,,,,,5,184,47.1175,-23.0517
Arp334,3,,,UGC 08498,0.037,G,7320,,1.57,Sb             LINER,Sb,,16.9107,0.0420758,6.25E-30,2.42E-31,10.007,0.026,6.63E-28,1.61E-29,,< 1.278E-01,,< 1.28E-27,2.892E-01,16%,2.89E-27,4.63E-28,,,,,,,,,74.20,,74,185,202.6075,31.62
Arp336,3,A lot of weird imaging. Maybe a couple usable WFPC2 but no images on internet. Check HLA,,NGC 2685,0.171,G,883,,4.5,(R)SB0+ pec;RETSy2,(R)SB0^+ pec,Sy 2,,,,,,,,,,< 9.758E-02,,< 9.76E-28,3.156E-01,12%,3.16E-27,3.79E-28,,,,,,,,,,,357,186,133.8975,58.7333
Arp34,3,could cut.  ,,NGC 4615,0.042,G,4716,,1.6,Scd:           HII,Scd?,,,,,,11.005,0.053,2.64E-28,1.32E-29,1.612E-01,23%,1.61E-27,2.80E-28,1.202E+00,10%,1.20E-26,1.20E-27,12.1,1.3,1.21E-28,1.30E-29,,,,,53.60,,140,187,190.405,26.0717
Arp35,3,a bit distant. could cut?,,Arp035,0.080,GPair,4878,,,,integral-sign spiral,,,,,,,,,,,,,,,,,,,,,,,,,,,,7,188,5.595,-1.3033
Arp4,3,Could cut -- not that disturbed...,,Arp004,0.054,G,1614,,2.8,IAB(rs)m,IAB(rs)m,,,,,,,,,,,,,,,,,,,,,,,,,,,,48,189,27.1075,-12.3817
Arp44,3,Highly extincted maybe???,,Arp044,0.124,GPair,,,,SBb,M51 Type,,,,,,,,,,,,,,,,,,,,,,,,,,,,8,190,156.3875,-2.2217
Arp49,4,,,NGC 5665,0.069,G,2228,,2.06,SAB(rs)c pec?  HII,SAB(rs)c pec?,,,,,,9.481,0.039,1.08E-27,3.93E-29,7.682E-01,6%,7.68E-27,2.07E-28,6.404E+00,4%,6.40E-26,2.56E-27,50.3,2.2,5.03E-28,2.20E-29,,,,,75.40,,127,124,218.1075,8.08
Arp58,3,pretty but not major disturbance,,UGC 04457,0.098,G,11159,,0.96,SAB(rs)c pec,SAB(rs)c pec,,,,,,11.377,0.076,1.88E-28,1.36E-29,,< 1.967E-01,,< 1.97E-27,4.186E-01,11%,4.19E-27,4.61E-28,,,,,,,,,31.80,,46,191,127.9925,19.2133
Arp59,3,,,Arp059,0.114,GPair,,,,,M51 Type,,,,,,,,,,,< 3.073E-01,,< 3.07E-27,8.189E-01,9%,8.19E-27,7.37E-28,,,,,,,,,,,9,192,15.19,-9.185
Arp6,4,NICMOS only.,,NGC 2537,0.148,G,431,,1.7,SB(s)m pec     HII,SB(s)m pec,H II,,,,,,,,,3.270E-01,12%,3.27E-27,1.77E-28,3.236E+00,6%,3.24E-26,1.94E-27,12.1,1.9,1.21E-28,1.90E-29,,,,,,,284,125,123.31,45.9917
Arp62,4,,,UGC 06865,0.055,GPair,5886,,,Sy2,S?,,,,,,,,,,2.408E-01,12%,2.41E-27,2.03E-28,2.352E+00,8%,2.35E-26,1.88E-27,,,,,,,,,,,37,126,178.4,43.455
Arp65,4,Only STIS obs.,,NGC 0090,0.175,G,5353,,1.9,SAB(s)c pec,SAB(s)c pec,,17.4058,0.0569860,3.96E-30,2.08E-31,10.959,0.046,2.76E-28,1.19E-29,,,,,,,,,,,,,,,,,34.00,,60,127,5.465,22.4
Arp67,3,,,UGC 00892,0.120,G,5228,,1.31,SB(r)ab,SB(r)ab,,,,,,10.042,0.048,6.41E-28,2.90E-29,,,,,,,,,,,,,,,,,71.20,,48,193,20.32,-0.545
Arp69,4,,,NGC 5579,0.055,G,3602,,1.22,SABcd,SABcd,,,,,,12.162,0.108,9.10E-29,9.52E-30,,< 1.075E-01,,< 1.08E-27,4.094E-01,11%,4.09E-27,4.50E-28,,,,,,,,,28.40,,57,128,215.11,35.1883
Arp7,3,Not all that disturbed. Could cut.,,Arp007,0.196,G,5503,,1.3,SB(rs)bc:      HII?,SB(rs)bc?,,16.4948,0.0437666,9.16E-30,3.69E-31,10.954,0.062,2.77E-28,1.63E-29,4.674E-01,7%,4.67E-27,7.22E-29,2.032E+00,5%,2.03E-26,1.02E-27,12.1,1.0,1.21E-28,1.00E-29,,,,,33.80,,31,194,132.5725,-16.5767
Arp70,4,,,Arp070,0.147,GPair,10493,,,,M51 Type,,,,,,,,,,,,,,,,,,4.4,0.7,4.40E-29,7.00E-30,,,,,,,17,129,20.8675,30.785
Arp75,4,,,NGC 0702,0.068,GPair,10584,,,SB(s)bc pec + comp,SB(s)bc pec,,,,,,,,,,,< 2.172E-01,,< 2.17E-27,1.361E+00,7%,1.36E-26,9.53E-28,22.7,1.2,2.27E-28,1.20E-29,,,,,,,27,130,27.8275,-4.055
Arp81,3,"Probably too well observed, but mostly STIS, WFPC2",,UGC 11175,0.129,GPair,6329,,,DBL SYS,pair,,,,,,,,,,,,,,,,,,,,,,,,,,,,48,195,273.2275,68.3633
Arp83,4,,,Arp083,0.085,GPair,3276,,,,M51 Type,,,,,,,,,,,,,,,,,,,,,,,,,,,,25,131,175.055,15.3433
Arp84,4,None of the HST data seems useful. Check. Ground based image: https://www.google.com/url?sa=i&rct=j&q=&esrc=s&source=images&cd=&ved=0ahUKEwjUmOH2jdTYAhUQ3GMKHUOfDGcQjBwIBA&url=http%3A%2F%2F1.bp.blogspot.com%2F-SFRwQQ2WbtU%2FTr5uprlWtbI%2FAAAAAAAAED0%2F3BlLZRpTbJc%2Fs1600%2FGTC_ARP84_n.jpg&psig=AOvVaw3aOXGwc7yNe3Ncrh0RoIDw&ust=1515904337317564,,Arp084,0.028,GPair,3471,,,S+S            LIRG,M51 Type,,,,,,,,,,9.547E-01,7%,9.55E-27,2.15E-28,8.031E+00,5%,8.03E-26,4.02E-27,,,,,,,,,,,60,132,209.66,37.425
Arp86,3,,,Arp086,0.273,GPair,4845,,,LIRG,M51 Type,,,,,,,,,,5.767E-01,12%,5.77E-27,5.05E-28,4.796E+00,14%,4.80E-26,6.71E-27,,,,,,,,,,,41,196,356.77,29.4833
Arp89,3,ground based image: https://www.google.com/url?sa=i&rct=j&q=&esrc=s&source=images&cd=&ved=0ahUKEwj0juHFjtTYAhUK3mMKHbeRBXQQjBwIBA&url=http%3A%2F%2Ffaculty.etsu.edu%2Fsmithbj%2Fresearch%2Fsg%2Fsdss%2Farp89.jpg&psig=AOvVaw1r2pArmntK3LQ4klj3Cs69&ust=1515904499852339,,NGC 2648,0.073,G,2060,,3.37,S(s)b          RET,Sa,,18.7489,0.111518,1.15E-30,1.18E-31,8.658,0.017,2.30E-27,3.62E-29,,,,,,,,,,,,,,,,,107.40,,82,197,130.6675,14.285
Arp90,3,Obs are mostly WFPC2.,,Arp090,0.066,GPair,2539,,,E-S0+Sa,M51 Type,,,,,,,,,,,,,,,,,,109.3,3.7,1.09E-27,3.70E-29,,,,,,,48,198,231.5325,41.675
Arp91,3,Most obs WFPC2...,,Arp091,0.134,GPair,1966,,,Sbc+S          Sy2,M51 Type,,,,,,,,,,,,,,,,,,,,,,,,,,,,56,199,233.635,15.195
Arp93,4,,WARNING: Same object as in entry 74 - Arp-Madore2225-250,,,,,,,,,,,,,,,,,,,,,,,,,,,,,,,,,,,,,133,337.15,-24.8433
Arp97,3,,,UGC 07085A,0.050,GPair,6910,,,Sab,M51 Type,,,,,,,,,,,,,,,,,,,,,,,,,,,,18,200,181.44,31.06
